Datetime,Open,High,Low,Close,Adj Close,Volume
2022-04-08 09:15:00+05:30,2178.949951171875,2185.60009765625,2173.5,2178.39990234375,2178.39990234375,59664
2022-04-08 09:30:00+05:30,2178.0,2179.949951171875,2164.10009765625,2167.050048828125,2167.050048828125,136618
2022-04-08 09:45:00+05:30,2167.050048828125,2173.10009765625,2165.699951171875,2171.25,2171.25,59327
2022-04-08 10:00:00+05:30,2171.25,2175.0,2170.10009765625,2172.300048828125,2172.300048828125,145627
2022-04-08 10:15:00+05:30,2171.949951171875,2173.0,2167.10009765625,2171.10009765625,2171.10009765625,56383
2022-04-08 10:30:00+05:30,2171.199951171875,2171.800048828125,2168.199951171875,2171.0,2171.0,37644
2022-04-08 10:45:00+05:30,2171.0,2179.050048828125,2170.949951171875,2176.75,2176.75,35082
2022-04-08 11:00:00+05:30,2177.0,2177.0,2170.449951171875,2170.449951171875,2170.449951171875,20721
2022-04-08 11:15:00+05:30,2170.60009765625,2175.0,2170.050048828125,2173.0,2173.0,17680
2022-04-08 11:30:00+05:30,2173.0,2173.25,2170.0,2172.949951171875,2172.949951171875,14659
2022-04-08 11:45:00+05:30,2172.949951171875,2177.0,2171.0,2176.0,2176.0,18995
2022-04-08 12:00:00+05:30,2176.39990234375,2180.0,2176.199951171875,2179.10009765625,2179.10009765625,58662
2022-04-08 12:15:00+05:30,2179.0,2185.199951171875,2179.0,2183.800048828125,2183.800048828125,60769
2022-04-08 12:30:00+05:30,2183.800048828125,2184.699951171875,2181.449951171875,2183.25,2183.25,38931
2022-04-08 12:45:00+05:30,2182.550048828125,2184.0,2178.0,2180.64990234375,2180.64990234375,33211
2022-04-08 13:00:00+05:30,2180.60009765625,2183.5,2178.550048828125,2182.199951171875,2182.199951171875,23327
2022-04-08 13:15:00+05:30,2182.050048828125,2188.050048828125,2180.14990234375,2184.89990234375,2184.89990234375,48707
2022-04-08 13:30:00+05:30,2184.89990234375,2192.800048828125,2184.39990234375,2191.449951171875,2191.449951171875,59153
2022-04-08 13:45:00+05:30,2191.39990234375,2193.5,2189.25,2190.89990234375,2190.89990234375,36625
2022-04-08 14:00:00+05:30,2190.800048828125,2191.300048828125,2180.89990234375,2183.0,2183.0,75149
2022-04-08 14:15:00+05:30,2183.949951171875,2187.0,2179.5,2180.0,2180.0,109424
2022-04-08 14:30:00+05:30,2180.0,2184.35009765625,2179.0,2179.64990234375,2179.64990234375,54551
2022-04-08 14:45:00+05:30,2179.64990234375,2182.85009765625,2179.0,2181.550048828125,2181.550048828125,56638
2022-04-08 15:00:00+05:30,2181.050048828125,2187.300048828125,2179.64990234375,2183.5,2183.5,108317
2022-04-08 15:15:00+05:30,2183.5,2185.85009765625,2177.550048828125,2183.050048828125,2183.050048828125,118288
2022-04-11 09:15:00+05:30,2188.0,2194.10009765625,2150.449951171875,2156.449951171875,2156.449951171875,83723
2022-04-11 09:30:00+05:30,2156.0,2160.85009765625,2151.10009765625,2152.5,2152.5,77493
2022-04-11 09:45:00+05:30,2152.35009765625,2158.449951171875,2148.0,2153.699951171875,2153.699951171875,67663
2022-04-11 10:00:00+05:30,2153.39990234375,2156.949951171875,2147.10009765625,2149.5,2149.5,61996
2022-04-11 10:15:00+05:30,2149.5,2153.0,2146.050048828125,2151.75,2151.75,48333
2022-04-11 10:30:00+05:30,2151.75,2152.0,2146.0,2146.449951171875,2146.449951171875,23255
2022-04-11 10:45:00+05:30,2146.5,2147.10009765625,2142.800048828125,2142.800048828125,2142.800048828125,36235
2022-04-11 11:00:00+05:30,2143.800048828125,2145.199951171875,2140.10009765625,2140.64990234375,2140.64990234375,42890
2022-04-11 11:15:00+05:30,2140.64990234375,2151.10009765625,2139.449951171875,2150.60009765625,2150.60009765625,55931
2022-04-11 11:30:00+05:30,2150.550048828125,2155.0,2150.0,2154.39990234375,2154.39990234375,45795
2022-04-11 11:45:00+05:30,2154.39990234375,2158.85009765625,2154.0,2157.39990234375,2157.39990234375,31809
2022-04-11 12:00:00+05:30,2157.35009765625,2163.199951171875,2157.35009765625,2161.949951171875,2161.949951171875,57899
2022-04-11 12:15:00+05:30,2162.0,2165.949951171875,2161.14990234375,2162.60009765625,2162.60009765625,46205
2022-04-11 12:30:00+05:30,2162.800048828125,2164.699951171875,2157.0,2158.39990234375,2158.39990234375,33559
2022-04-11 12:45:00+05:30,2158.75,2169.449951171875,2158.0,2168.800048828125,2168.800048828125,34876
2022-04-11 13:00:00+05:30,2168.75,2170.89990234375,2167.300048828125,2169.60009765625,2169.60009765625,49806
2022-04-11 13:15:00+05:30,2169.60009765625,2173.75,2169.0,2171.5,2171.5,30786
2022-04-11 13:30:00+05:30,2171.5,2172.64990234375,2166.25,2166.25,2166.25,31651
2022-04-11 13:45:00+05:30,2166.300048828125,2169.949951171875,2163.550048828125,2168.199951171875,2168.199951171875,47299
2022-04-11 14:00:00+05:30,2168.25,2174.0,2167.0,2169.699951171875,2169.699951171875,33873
2022-04-11 14:15:00+05:30,2169.75,2172.75,2165.35009765625,2172.0,2172.0,33357
2022-04-11 14:30:00+05:30,2171.199951171875,2172.0,2165.39990234375,2166.25,2166.25,35355
2022-04-11 14:45:00+05:30,2166.25,2169.0,2163.199951171875,2164.199951171875,2164.199951171875,37757
2022-04-11 15:00:00+05:30,2164.60009765625,2166.800048828125,2160.050048828125,2164.0,2164.0,99214
2022-04-11 15:15:00+05:30,2164.0,2168.050048828125,2158.050048828125,2163.050048828125,2163.050048828125,115857
2022-04-12 09:15:00+05:30,2140.0,2165.0,2140.0,2157.550048828125,2157.550048828125,37489
2022-04-12 09:30:00+05:30,2156.75,2162.60009765625,2150.0,2154.14990234375,2154.14990234375,39347
2022-04-12 09:45:00+05:30,2154.949951171875,2156.949951171875,2144.550048828125,2144.550048828125,2144.550048828125,34296
2022-04-12 10:00:00+05:30,2144.0,2145.89990234375,2139.050048828125,2141.39990234375,2141.39990234375,41249
2022-04-12 10:15:00+05:30,2141.39990234375,2141.39990234375,2129.050048828125,2129.550048828125,2129.550048828125,73523
2022-04-12 10:30:00+05:30,2129.60009765625,2140.0,2125.89990234375,2138.0,2138.0,65045
2022-04-12 10:45:00+05:30,2138.0,2141.85009765625,2135.050048828125,2140.14990234375,2140.14990234375,104833
2022-04-12 11:00:00+05:30,2140.14990234375,2142.449951171875,2140.0,2142.0,2142.0,45777
2022-04-12 11:15:00+05:30,2142.0,2142.550048828125,2140.75,2141.050048828125,2141.050048828125,23739
2022-04-12 11:30:00+05:30,2141.050048828125,2143.949951171875,2140.0,2142.25,2142.25,81165
2022-04-12 11:45:00+05:30,2142.25,2143.39990234375,2142.199951171875,2142.699951171875,2142.699951171875,34736
2022-04-12 12:00:00+05:30,2142.699951171875,2147.0,2142.14990234375,2143.5,2143.5,26849
2022-04-12 12:15:00+05:30,2143.5,2148.39990234375,2143.0,2147.10009765625,2147.10009765625,41909
2022-04-12 12:30:00+05:30,2147.10009765625,2147.10009765625,2144.85009765625,2145.0,2145.0,24124
2022-04-12 12:45:00+05:30,2145.39990234375,2146.39990234375,2139.10009765625,2139.25,2139.25,42630
2022-04-12 13:00:00+05:30,2139.199951171875,2139.199951171875,2130.39990234375,2131.0,2131.0,27604
2022-04-12 13:15:00+05:30,2131.050048828125,2134.5,2130.0,2132.0,2132.0,37665
2022-04-12 13:30:00+05:30,2132.5,2133.89990234375,2130.0,2130.800048828125,2130.800048828125,28429
2022-04-12 13:45:00+05:30,2131.10009765625,2135.89990234375,2128.75,2135.800048828125,2135.800048828125,34151
2022-04-12 14:00:00+05:30,2135.800048828125,2140.0,2135.800048828125,2137.89990234375,2137.89990234375,29735
2022-04-12 14:15:00+05:30,2137.949951171875,2138.85009765625,2135.199951171875,2137.0,2137.0,36097
2022-04-12 14:30:00+05:30,2137.0,2138.35009765625,2132.0,2134.89990234375,2134.89990234375,44208
2022-04-12 14:45:00+05:30,2134.89990234375,2136.449951171875,2130.199951171875,2134.800048828125,2134.800048828125,52860
2022-04-12 15:00:00+05:30,2134.800048828125,2138.75,2130.5,2130.800048828125,2130.800048828125,139183
2022-04-12 15:15:00+05:30,2130.949951171875,2130.949951171875,2125.0,2129.0,2129.0,146002
2022-04-13 09:15:00+05:30,2140.0,2160.0,2131.10009765625,2156.949951171875,2156.949951171875,49967
2022-04-13 09:30:00+05:30,2157.0,2165.0,2151.89990234375,2160.050048828125,2160.050048828125,74909
2022-04-13 09:45:00+05:30,2160.449951171875,2163.0,2155.050048828125,2157.10009765625,2157.10009765625,36476
2022-04-13 10:00:00+05:30,2157.0,2157.39990234375,2146.5,2146.5,2146.5,49600
2022-04-13 10:15:00+05:30,2146.800048828125,2150.39990234375,2143.800048828125,2143.800048828125,2143.800048828125,28232
2022-04-13 10:30:00+05:30,2144.5,2147.949951171875,2142.0,2143.64990234375,2143.64990234375,24543
2022-04-13 10:45:00+05:30,2144.0,2147.199951171875,2142.0,2142.89990234375,2142.89990234375,24760
2022-04-13 11:00:00+05:30,2142.60009765625,2145.0,2140.25,2144.0,2144.0,24643
2022-04-13 11:15:00+05:30,2144.0,2144.0,2138.0,2138.5,2138.5,21011
2022-04-13 11:30:00+05:30,2138.85009765625,2138.85009765625,2133.0,2133.300048828125,2133.300048828125,85382
2022-04-13 11:45:00+05:30,2133.39990234375,2137.89990234375,2131.0,2136.5,2136.5,22423
2022-04-13 12:00:00+05:30,2136.5,2141.949951171875,2135.0,2140.199951171875,2140.199951171875,50089
2022-04-13 12:15:00+05:30,2140.0,2141.949951171875,2135.300048828125,2136.89990234375,2136.89990234375,24479
2022-04-13 12:30:00+05:30,2136.89990234375,2138.75,2134.0,2135.449951171875,2135.449951171875,12930
2022-04-13 12:45:00+05:30,2135.449951171875,2136.35009765625,2132.949951171875,2133.89990234375,2133.89990234375,17784
2022-04-13 13:00:00+05:30,2133.89990234375,2140.0,2132.5,2140.0,2140.0,23680
2022-04-13 13:15:00+05:30,2140.0,2141.699951171875,2138.60009765625,2141.050048828125,2141.050048828125,22038
2022-04-13 13:30:00+05:30,2141.14990234375,2144.0,2140.14990234375,2144.0,2144.0,25760
2022-04-13 13:45:00+05:30,2144.0,2146.0,2142.0,2144.5,2144.5,40818
2022-04-13 14:00:00+05:30,2144.5,2152.14990234375,2143.550048828125,2150.64990234375,2150.64990234375,41877
2022-04-13 14:15:00+05:30,2150.64990234375,2155.64990234375,2150.0,2154.60009765625,2154.60009765625,44995
2022-04-13 14:30:00+05:30,2154.60009765625,2155.800048828125,2150.0,2153.0,2153.0,22249
2022-04-13 14:45:00+05:30,2152.800048828125,2153.0,2147.199951171875,2149.64990234375,2149.64990234375,23625
2022-04-13 15:00:00+05:30,2150.0,2155.0,2150.0,2152.800048828125,2152.800048828125,120244
2022-04-13 15:15:00+05:30,2152.39990234375,2153.949951171875,2147.699951171875,2152.14990234375,2152.14990234375,111196
2022-04-18 09:15:00+05:30,2144.75,2164.0,2137.75,2155.0,2155.0,79569
2022-04-18 09:30:00+05:30,2153.300048828125,2157.85009765625,2148.5,2152.0,2152.0,56407
2022-04-18 09:45:00+05:30,2151.949951171875,2153.14990234375,2144.199951171875,2151.300048828125,2151.300048828125,39778
2022-04-18 10:00:00+05:30,2151.300048828125,2153.5,2140.0,2143.25,2143.25,33894
2022-04-18 10:15:00+05:30,2143.25,2152.89990234375,2142.25,2152.699951171875,2152.699951171875,19650
2022-04-18 10:30:00+05:30,2152.85009765625,2165.5,2152.300048828125,2162.5,2162.5,61348
2022-04-18 10:45:00+05:30,2162.14990234375,2167.0,2159.0,2167.0,2167.0,42811
2022-04-18 11:00:00+05:30,2167.0,2174.949951171875,2167.0,2170.14990234375,2170.14990234375,55942
2022-04-18 11:15:00+05:30,2170.14990234375,2174.800048828125,2167.050048828125,2169.14990234375,2169.14990234375,65297
2022-04-18 11:30:00+05:30,2169.10009765625,2173.449951171875,2163.64990234375,2170.199951171875,2170.199951171875,64126
2022-04-18 11:45:00+05:30,2171.0,2174.550048828125,2168.39990234375,2172.39990234375,2172.39990234375,55843
2022-04-18 12:00:00+05:30,2172.39990234375,2178.75,2170.5,2178.0,2178.0,79245
2022-04-18 12:15:00+05:30,2178.0,2179.949951171875,2168.550048828125,2169.14990234375,2169.14990234375,94228
2022-04-18 12:30:00+05:30,2169.5,2175.35009765625,2165.699951171875,2168.39990234375,2168.39990234375,68689
2022-04-18 12:45:00+05:30,2168.64990234375,2173.60009765625,2168.39990234375,2168.449951171875,2168.449951171875,56983
2022-04-18 13:00:00+05:30,2168.0,2173.0,2167.0,2168.85009765625,2168.85009765625,79322
2022-04-18 13:15:00+05:30,2168.85009765625,2175.0,2168.300048828125,2174.300048828125,2174.300048828125,66791
2022-04-18 13:30:00+05:30,2174.199951171875,2178.25,2172.050048828125,2174.550048828125,2174.550048828125,60181
2022-04-18 13:45:00+05:30,2174.10009765625,2177.5,2172.050048828125,2176.0,2176.0,51440
2022-04-18 14:00:00+05:30,2176.0,2177.60009765625,2172.300048828125,2174.5,2174.5,55064
2022-04-18 14:15:00+05:30,2175.0,2182.89990234375,2171.449951171875,2179.14990234375,2179.14990234375,101024
2022-04-18 14:30:00+05:30,2178.10009765625,2181.25,2174.75,2178.25,2178.25,72920
2022-04-18 14:45:00+05:30,2177.64990234375,2178.5,2172.14990234375,2173.550048828125,2173.550048828125,95042
2022-04-18 15:00:00+05:30,2173.550048828125,2180.0,2170.85009765625,2180.0,2180.0,132619
2022-04-18 15:15:00+05:30,2180.0,2182.050048828125,2172.0,2174.0,2174.0,166218
2022-04-19 09:15:00+05:30,2185.64990234375,2205.75,2177.64990234375,2179.0,2179.0,45277
2022-04-19 09:30:00+05:30,2179.0,2185.85009765625,2178.25,2185.85009765625,2185.85009765625,34550
2022-04-19 09:45:00+05:30,2184.89990234375,2189.800048828125,2180.5,2183.85009765625,2183.85009765625,29885
2022-04-19 10:00:00+05:30,2185.0,2185.0,2180.550048828125,2181.25,2181.25,16521
2022-04-19 10:15:00+05:30,2181.0,2188.64990234375,2177.949951171875,2185.0,2185.0,40576
2022-04-19 10:30:00+05:30,2185.0,2187.0,2179.0,2181.60009765625,2181.60009765625,21675
2022-04-19 10:45:00+05:30,2181.800048828125,2186.0,2180.10009765625,2183.5,2183.5,22169
2022-04-19 11:00:00+05:30,2183.449951171875,2186.0,2180.75,2185.10009765625,2185.10009765625,24331
2022-04-19 11:15:00+05:30,2185.35009765625,2185.35009765625,2177.550048828125,2180.0,2180.0,203715
2022-04-19 11:30:00+05:30,2180.14990234375,2183.699951171875,2171.10009765625,2182.300048828125,2182.300048828125,45058
2022-04-19 11:45:00+05:30,2183.0,2192.89990234375,2181.800048828125,2187.949951171875,2187.949951171875,121920
2022-04-19 12:00:00+05:30,2187.949951171875,2188.449951171875,2183.300048828125,2185.0,2185.0,17708
2022-04-19 12:15:00+05:30,2184.949951171875,2187.5,2182.14990234375,2182.199951171875,2182.199951171875,25321
2022-04-19 12:30:00+05:30,2182.75,2183.14990234375,2176.199951171875,2182.050048828125,2182.050048828125,56962
2022-04-19 12:45:00+05:30,2182.35009765625,2184.89990234375,2177.75,2182.949951171875,2182.949951171875,33111
2022-04-19 13:00:00+05:30,2182.949951171875,2188.0,2182.25,2186.89990234375,2186.89990234375,49877
2022-04-19 13:15:00+05:30,2186.89990234375,2191.699951171875,2186.800048828125,2190.39990234375,2190.39990234375,45408
2022-04-19 13:30:00+05:30,2190.0,2191.75,2175.550048828125,2176.85009765625,2176.85009765625,76635
2022-04-19 13:45:00+05:30,2176.85009765625,2179.949951171875,2167.35009765625,2170.050048828125,2170.050048828125,38389
2022-04-19 14:00:00+05:30,2171.10009765625,2173.10009765625,2160.300048828125,2160.5,2160.5,51256
2022-04-19 14:15:00+05:30,2161.300048828125,2164.60009765625,2152.39990234375,2155.699951171875,2155.699951171875,46376
2022-04-19 14:30:00+05:30,2155.699951171875,2158.199951171875,2145.550048828125,2145.75,2145.75,58741
2022-04-19 14:45:00+05:30,2146.64990234375,2146.64990234375,2116.85009765625,2124.949951171875,2124.949951171875,113016
2022-04-19 15:00:00+05:30,2122.199951171875,2132.39990234375,2101.300048828125,2118.949951171875,2118.949951171875,244449
2022-04-19 15:15:00+05:30,2118.050048828125,2121.800048828125,2101.35009765625,2108.949951171875,2108.949951171875,221790
2022-04-20 09:15:00+05:30,2119.35009765625,2134.89990234375,2092.949951171875,2131.949951171875,2131.949951171875,80718
2022-04-20 09:30:00+05:30,2131.64990234375,2138.0,2125.35009765625,2131.39990234375,2131.39990234375,67504
2022-04-20 09:45:00+05:30,2132.050048828125,2137.0,2126.199951171875,2133.10009765625,2133.10009765625,69854
2022-04-20 10:00:00+05:30,2132.64990234375,2145.0,2132.199951171875,2142.050048828125,2142.050048828125,45100
2022-04-20 10:15:00+05:30,2142.050048828125,2146.550048828125,2134.550048828125,2144.699951171875,2144.699951171875,41135
2022-04-20 10:30:00+05:30,2144.60009765625,2148.800048828125,2137.85009765625,2148.800048828125,2148.800048828125,32693
2022-04-20 10:45:00+05:30,2148.050048828125,2155.75,2147.5,2154.14990234375,2154.14990234375,48525
2022-04-20 11:00:00+05:30,2154.5,2159.89990234375,2150.5,2151.0,2151.0,44393
2022-04-20 11:15:00+05:30,2151.0,2155.35009765625,2150.14990234375,2150.75,2150.75,47045
2022-04-20 11:30:00+05:30,2151.0,2152.60009765625,2143.75,2145.89990234375,2145.89990234375,49129
2022-04-20 11:45:00+05:30,2146.10009765625,2148.0,2141.75,2145.0,2145.0,95107
2022-04-20 12:00:00+05:30,2144.949951171875,2156.0,2144.0,2155.25,2155.25,35137
2022-04-20 12:15:00+05:30,2155.25,2159.85009765625,2154.550048828125,2159.85009765625,2159.85009765625,27572
2022-04-20 12:30:00+05:30,2159.800048828125,2163.25,2151.85009765625,2161.949951171875,2161.949951171875,44992
2022-04-20 12:45:00+05:30,2162.5,2165.0,2158.0,2162.0,2162.0,51905
2022-04-20 13:00:00+05:30,2162.0,2163.5,2158.0,2160.64990234375,2160.64990234375,28943
2022-04-20 13:15:00+05:30,2160.35009765625,2165.85009765625,2157.0,2162.949951171875,2162.949951171875,39730
2022-04-20 13:30:00+05:30,2163.449951171875,2166.60009765625,2159.35009765625,2164.699951171875,2164.699951171875,36525
2022-04-20 13:45:00+05:30,2164.75,2164.89990234375,2153.75,2154.14990234375,2154.14990234375,60134
2022-04-20 14:00:00+05:30,2154.14990234375,2159.89990234375,2150.14990234375,2159.35009765625,2159.35009765625,51966
2022-04-20 14:15:00+05:30,2159.39990234375,2159.89990234375,2153.64990234375,2156.449951171875,2156.449951171875,40993
2022-04-20 14:30:00+05:30,2156.449951171875,2160.050048828125,2155.10009765625,2158.64990234375,2158.64990234375,31358
2022-04-20 14:45:00+05:30,2158.800048828125,2162.0,2154.39990234375,2159.300048828125,2159.300048828125,76533
2022-04-20 15:00:00+05:30,2160.35009765625,2168.64990234375,2160.35009765625,2166.0,2166.0,121174
2022-04-20 15:15:00+05:30,2165.949951171875,2166.949951171875,2161.35009765625,2164.949951171875,2164.949951171875,142391
2022-04-21 09:15:00+05:30,2185.0,2187.199951171875,2168.550048828125,2182.949951171875,2182.949951171875,69149
2022-04-21 09:30:00+05:30,2183.0,2185.0,2177.89990234375,2183.300048828125,2183.300048828125,73702
2022-04-21 09:45:00+05:30,2184.199951171875,2185.10009765625,2181.14990234375,2182.050048828125,2182.050048828125,54393
2022-04-21 10:00:00+05:30,2182.699951171875,2185.64990234375,2181.949951171875,2183.60009765625,2183.60009765625,49592
2022-04-21 10:15:00+05:30,2183.60009765625,2190.0,2178.800048828125,2182.0,2182.0,73171
2022-04-21 10:30:00+05:30,2180.5,2188.89990234375,2177.5,2185.25,2185.25,99981
2022-04-21 10:45:00+05:30,2184.449951171875,2190.0,2184.449951171875,2188.14990234375,2188.14990234375,35624
2022-04-21 11:00:00+05:30,2188.35009765625,2196.89990234375,2187.85009765625,2195.35009765625,2195.35009765625,83081
2022-04-21 11:15:00+05:30,2194.949951171875,2202.89990234375,2191.39990234375,2194.85009765625,2194.85009765625,110659
2022-04-21 11:30:00+05:30,2194.85009765625,2195.60009765625,2184.449951171875,2186.0,2186.0,130489
2022-04-21 11:45:00+05:30,2186.25,2192.199951171875,2183.35009765625,2188.60009765625,2188.60009765625,88118
2022-04-21 12:00:00+05:30,2188.550048828125,2191.39990234375,2184.699951171875,2190.949951171875,2190.949951171875,144288
2022-04-21 12:15:00+05:30,2190.89990234375,2191.0,2187.0,2187.949951171875,2187.949951171875,39561
2022-04-21 12:30:00+05:30,2187.60009765625,2192.300048828125,2186.300048828125,2192.300048828125,2192.300048828125,82203
2022-04-21 12:45:00+05:30,2192.25,2197.0,2191.449951171875,2192.75,2192.75,37342
2022-04-21 13:00:00+05:30,2192.800048828125,2195.39990234375,2190.14990234375,2194.85009765625,2194.85009765625,92765
2022-04-21 13:15:00+05:30,2194.85009765625,2197.0,2192.0,2196.949951171875,2196.949951171875,81238
2022-04-21 13:30:00+05:30,2196.89990234375,2196.949951171875,2192.0,2195.0,2195.0,36300
2022-04-21 13:45:00+05:30,2195.0,2196.0,2190.199951171875,2191.5,2191.5,93895
2022-04-21 14:00:00+05:30,2192.25,2195.0,2191.199951171875,2194.800048828125,2194.800048828125,57174
2022-04-21 14:15:00+05:30,2194.85009765625,2196.64990234375,2193.25,2196.0,2196.0,39800
2022-04-21 14:30:00+05:30,2196.0,2197.449951171875,2194.0,2195.550048828125,2195.550048828125,68035
2022-04-21 14:45:00+05:30,2195.60009765625,2203.0,2194.14990234375,2202.800048828125,2202.800048828125,84492
2022-04-21 15:00:00+05:30,2202.800048828125,2203.75,2197.64990234375,2198.199951171875,2198.199951171875,209431
2022-04-21 15:15:00+05:30,2198.25,2198.89990234375,2192.10009765625,2197.949951171875,2197.949951171875,230214
2022-04-22 09:15:00+05:30,2181.10009765625,2186.35009765625,2167.800048828125,2185.800048828125,2185.800048828125,162829
2022-04-22 09:30:00+05:30,2185.60009765625,2189.0,2172.75,2176.85009765625,2176.85009765625,140712
2022-04-22 09:45:00+05:30,2176.85009765625,2178.0,2171.050048828125,2171.5,2171.5,68187
2022-04-22 10:00:00+05:30,2171.949951171875,2175.0,2170.64990234375,2173.949951171875,2173.949951171875,27071
2022-04-22 10:15:00+05:30,2173.699951171875,2179.0,2173.64990234375,2178.050048828125,2178.050048828125,44083
2022-04-22 10:30:00+05:30,2178.050048828125,2184.300048828125,2170.5,2180.800048828125,2180.800048828125,239993
2022-04-22 10:45:00+05:30,2180.800048828125,2183.0,2177.800048828125,2182.0,2182.0,88270
2022-04-22 11:00:00+05:30,2182.0,2183.949951171875,2176.0,2180.64990234375,2180.64990234375,124297
2022-04-22 11:15:00+05:30,2180.0,2184.75,2179.0,2184.14990234375,2184.14990234375,26940
2022-04-22 11:30:00+05:30,2184.75,2185.5,2177.550048828125,2180.550048828125,2180.550048828125,160430
2022-04-22 11:45:00+05:30,2180.800048828125,2182.0,2178.449951171875,2180.75,2180.75,25566
2022-04-22 12:00:00+05:30,2180.550048828125,2183.0,2175.0,2176.14990234375,2176.14990234375,61958
2022-04-22 12:15:00+05:30,2174.0,2182.0,2174.0,2176.60009765625,2176.60009765625,37712
2022-04-22 12:30:00+05:30,2176.60009765625,2179.949951171875,2174.949951171875,2179.5,2179.5,37373
2022-04-22 12:45:00+05:30,2179.449951171875,2179.449951171875,2163.199951171875,2163.25,2163.25,101606
2022-04-22 13:00:00+05:30,2163.75,2166.60009765625,2161.550048828125,2164.800048828125,2164.800048828125,36592
2022-04-22 13:15:00+05:30,2164.35009765625,2165.39990234375,2155.050048828125,2163.39990234375,2163.39990234375,141954
2022-04-22 13:30:00+05:30,2163.449951171875,2165.199951171875,2152.949951171875,2154.39990234375,2154.39990234375,241110
2022-04-22 13:45:00+05:30,2154.39990234375,2157.449951171875,2148.5,2150.550048828125,2150.550048828125,39663
2022-04-22 14:00:00+05:30,2150.550048828125,2152.0,2140.050048828125,2140.550048828125,2140.550048828125,58441
2022-04-22 14:15:00+05:30,2139.0,2145.5,2135.0,2139.14990234375,2139.14990234375,169241
2022-04-22 14:30:00+05:30,2139.5,2139.5,2128.300048828125,2134.85009765625,2134.85009765625,171202
2022-04-22 14:45:00+05:30,2134.85009765625,2137.85009765625,2120.0,2134.85009765625,2134.85009765625,352008
2022-04-22 15:00:00+05:30,2135.0,2137.0,2120.050048828125,2131.449951171875,2131.449951171875,514681
2022-04-22 15:15:00+05:30,2131.5,2136.0,2127.0,2132.0,2132.0,336506
2022-04-25 09:15:00+05:30,2099.85009765625,2099.85009765625,2047.0999755859375,2067.0,2067.0,135545
2022-04-25 09:30:00+05:30,2067.0,2072.0,2065.0,2071.550048828125,2071.550048828125,110139
2022-04-25 09:45:00+05:30,2071.5,2074.89990234375,2066.85009765625,2073.550048828125,2073.550048828125,141299
2022-04-25 10:00:00+05:30,2073.60009765625,2081.89990234375,2069.699951171875,2081.0,2081.0,55815
2022-04-25 10:15:00+05:30,2080.64990234375,2085.0,2080.0,2083.949951171875,2083.949951171875,50136
2022-04-25 10:30:00+05:30,2084.0,2085.89990234375,2082.699951171875,2085.0,2085.0,23670
2022-04-25 10:45:00+05:30,2083.89990234375,2091.050048828125,2083.89990234375,2089.89990234375,2089.89990234375,28407
2022-04-25 11:00:00+05:30,2090.300048828125,2092.5,2085.0,2088.699951171875,2088.699951171875,144079
2022-04-25 11:15:00+05:30,2087.949951171875,2090.800048828125,2083.800048828125,2089.0,2089.0,40169
2022-04-25 11:30:00+05:30,2089.0,2092.050048828125,2087.64990234375,2089.5,2089.5,38430
2022-04-25 11:45:00+05:30,2089.5,2094.5,2088.949951171875,2089.89990234375,2089.89990234375,34191
2022-04-25 12:00:00+05:30,2090.0,2091.10009765625,2087.89990234375,2088.699951171875,2088.699951171875,133492
2022-04-25 12:15:00+05:30,2088.14990234375,2096.39990234375,2088.10009765625,2095.89990234375,2095.89990234375,37517
2022-04-25 12:30:00+05:30,2095.89990234375,2099.0,2091.35009765625,2098.949951171875,2098.949951171875,28628
2022-04-25 12:45:00+05:30,2098.85009765625,2104.39990234375,2095.85009765625,2102.050048828125,2102.050048828125,39487
2022-04-25 13:00:00+05:30,2102.5,2109.449951171875,2100.14990234375,2108.75,2108.75,31590
2022-04-25 13:15:00+05:30,2108.60009765625,2118.35009765625,2107.85009765625,2115.699951171875,2115.699951171875,59512
2022-04-25 13:30:00+05:30,2116.60009765625,2116.75,2108.199951171875,2110.199951171875,2110.199951171875,54837
2022-04-25 13:45:00+05:30,2111.050048828125,2117.0,2109.0,2113.39990234375,2113.39990234375,32446
2022-04-25 14:00:00+05:30,2114.050048828125,2157.0,2113.0,2153.050048828125,2153.050048828125,178284
2022-04-25 14:15:00+05:30,2152.64990234375,2162.0,2116.050048828125,2119.550048828125,2119.550048828125,443813
2022-04-25 14:30:00+05:30,2118.85009765625,2119.35009765625,2097.60009765625,2099.85009765625,2099.85009765625,128367
2022-04-25 14:45:00+05:30,2100.0,2110.85009765625,2099.0,2105.0,2105.0,37270
2022-04-25 15:00:00+05:30,2103.85009765625,2106.699951171875,2097.39990234375,2098.64990234375,2098.64990234375,102621
2022-04-25 15:15:00+05:30,2098.699951171875,2107.75,2097.0,2100.75,2100.75,145029
2022-04-26 09:15:00+05:30,2142.199951171875,2151.60009765625,2134.14990234375,2138.800048828125,2138.800048828125,54252
2022-04-26 09:30:00+05:30,2138.699951171875,2146.699951171875,2133.0,2146.0,2146.0,72423
2022-04-26 09:45:00+05:30,2145.10009765625,2150.89990234375,2144.300048828125,2148.0,2148.0,54293
2022-04-26 10:00:00+05:30,2148.0,2157.949951171875,2146.14990234375,2146.800048828125,2146.800048828125,47133
2022-04-26 10:15:00+05:30,2146.800048828125,2150.0,2144.85009765625,2144.85009765625,2144.85009765625,38816
2022-04-26 10:30:00+05:30,2144.89990234375,2150.800048828125,2140.5,2146.89990234375,2146.89990234375,27406
2022-04-26 10:45:00+05:30,2146.449951171875,2152.699951171875,2145.60009765625,2148.85009765625,2148.85009765625,26383
2022-04-26 11:00:00+05:30,2148.64990234375,2148.75,2124.85009765625,2125.60009765625,2125.60009765625,63210
2022-04-26 11:15:00+05:30,2125.550048828125,2137.10009765625,2124.5,2136.14990234375,2136.14990234375,44974
2022-04-26 11:30:00+05:30,2136.300048828125,2139.39990234375,2135.300048828125,2136.89990234375,2136.89990234375,27544
2022-04-26 11:45:00+05:30,2136.75,2139.0,2132.449951171875,2138.39990234375,2138.39990234375,53941
2022-04-26 12:00:00+05:30,2138.39990234375,2139.39990234375,2134.0,2137.0,2137.0,25945
2022-04-26 12:15:00+05:30,2137.0,2137.800048828125,2127.64990234375,2128.800048828125,2128.800048828125,60669
2022-04-26 12:30:00+05:30,2128.85009765625,2132.0,2125.14990234375,2131.699951171875,2131.699951171875,32756
2022-04-26 12:45:00+05:30,2131.699951171875,2134.199951171875,2122.64990234375,2124.0,2124.0,40147
2022-04-26 13:00:00+05:30,2123.14990234375,2130.0,2121.0,2127.699951171875,2127.699951171875,50890
2022-04-26 13:15:00+05:30,2128.0,2135.050048828125,2128.0,2135.0,2135.0,45544
2022-04-26 13:30:00+05:30,2134.199951171875,2144.0,2133.64990234375,2142.35009765625,2142.35009765625,54826
2022-04-26 13:45:00+05:30,2142.25,2144.449951171875,2135.85009765625,2135.85009765625,2135.85009765625,38736
2022-04-26 14:00:00+05:30,2135.85009765625,2138.449951171875,2128.5,2136.550048828125,2136.550048828125,56882
2022-04-26 14:15:00+05:30,2135.75,2141.199951171875,2132.10009765625,2135.949951171875,2135.949951171875,22751
2022-04-26 14:30:00+05:30,2135.949951171875,2140.0,2134.39990234375,2138.949951171875,2138.949951171875,25907
2022-04-26 14:45:00+05:30,2139.39990234375,2141.14990234375,2135.5,2137.25,2137.25,47711
2022-04-26 15:00:00+05:30,2137.60009765625,2152.0,2137.60009765625,2149.949951171875,2149.949951171875,181433
2022-04-26 15:15:00+05:30,2149.949951171875,2150.89990234375,2142.10009765625,2148.35009765625,2148.35009765625,177924
2022-04-27 09:15:00+05:30,2147.75,2152.10009765625,2130.0,2130.949951171875,2130.949951171875,99281
2022-04-27 09:30:00+05:30,2130.5,2135.699951171875,2125.10009765625,2127.5,2127.5,93619
2022-04-27 09:45:00+05:30,2127.5,2132.0,2115.199951171875,2117.0,2117.0,86627
2022-04-27 10:00:00+05:30,2116.35009765625,2117.89990234375,2109.10009765625,2112.0,2112.0,77954
2022-04-27 10:15:00+05:30,2112.449951171875,2115.85009765625,2110.0,2112.35009765625,2112.35009765625,64104
2022-04-27 10:30:00+05:30,2112.14990234375,2113.14990234375,2106.5,2112.39990234375,2112.39990234375,38643
2022-04-27 10:45:00+05:30,2112.800048828125,2114.85009765625,2103.5,2107.10009765625,2107.10009765625,52199
2022-04-27 11:00:00+05:30,2107.10009765625,2109.14990234375,2104.10009765625,2109.14990234375,2109.14990234375,34590
2022-04-27 11:15:00+05:30,2109.14990234375,2115.949951171875,2107.10009765625,2115.0,2115.0,58434
2022-04-27 11:30:00+05:30,2115.300048828125,2123.5,2114.89990234375,2123.5,2123.5,55255
2022-04-27 11:45:00+05:30,2123.5,2135.39990234375,2120.5,2135.0,2135.0,87201
2022-04-27 12:00:00+05:30,2135.199951171875,2136.5,2122.75,2126.0,2126.0,89705
2022-04-27 12:15:00+05:30,2126.0,2132.949951171875,2126.0,2130.0,2130.0,30825
2022-04-27 12:30:00+05:30,2130.0,2141.0,2130.0,2136.60009765625,2136.60009765625,96880
2022-04-27 12:45:00+05:30,2136.199951171875,2136.64990234375,2128.5,2130.39990234375,2130.39990234375,53243
2022-04-27 13:00:00+05:30,2130.39990234375,2130.75,2125.0,2127.5,2127.5,58844
2022-04-27 13:15:00+05:30,2127.550048828125,2132.85009765625,2126.449951171875,2131.25,2131.25,46894
2022-04-27 13:30:00+05:30,2131.25,2138.0,2130.0,2137.699951171875,2137.699951171875,65194
2022-04-27 13:45:00+05:30,2137.699951171875,2139.949951171875,2135.39990234375,2137.800048828125,2137.800048828125,52637
2022-04-27 14:00:00+05:30,2137.699951171875,2145.0,2137.60009765625,2144.949951171875,2144.949951171875,70601
2022-04-27 14:15:00+05:30,2144.949951171875,2152.0,2141.949951171875,2150.25,2150.25,119348
2022-04-27 14:30:00+05:30,2150.25,2151.0,2136.39990234375,2145.050048828125,2145.050048828125,120131
2022-04-27 14:45:00+05:30,2146.25,2149.10009765625,2141.64990234375,2145.0,2145.0,76282
2022-04-27 15:00:00+05:30,2144.35009765625,2150.89990234375,2141.25,2145.050048828125,2145.050048828125,233288
2022-04-27 15:15:00+05:30,2145.050048828125,2148.5,2137.60009765625,2145.10009765625,2145.10009765625,156244
2022-04-28 09:15:00+05:30,2213.75,2224.60009765625,2192.64990234375,2192.64990234375,2192.64990234375,352887
2022-04-28 09:30:00+05:30,2196.050048828125,2196.75,2176.10009765625,2176.25,2176.25,407737
2022-04-28 09:45:00+05:30,2175.550048828125,2181.60009765625,2165.0,2180.14990234375,2180.14990234375,270659
2022-04-28 10:00:00+05:30,2180.89990234375,2191.35009765625,2174.449951171875,2182.449951171875,2182.449951171875,148124
2022-04-28 10:15:00+05:30,2182.60009765625,2200.0,2182.60009765625,2198.300048828125,2198.300048828125,156807
2022-04-28 10:30:00+05:30,2198.0,2208.550048828125,2196.550048828125,2198.0,2198.0,210560
2022-04-28 10:45:00+05:30,2198.60009765625,2204.550048828125,2195.10009765625,2200.25,2200.25,86656
2022-04-28 11:00:00+05:30,2200.25,2216.0,2200.25,2215.0,2215.0,190309
2022-04-28 11:15:00+05:30,2214.800048828125,2244.199951171875,2214.800048828125,2239.449951171875,2239.449951171875,530388
2022-04-28 11:30:00+05:30,2238.64990234375,2242.0,2225.050048828125,2227.85009765625,2227.85009765625,266628
2022-04-28 11:45:00+05:30,2227.949951171875,2233.0,2227.5,2230.199951171875,2230.199951171875,118845
2022-04-28 12:00:00+05:30,2230.199951171875,2236.949951171875,2227.0,2227.0,2227.0,153987
2022-04-28 12:15:00+05:30,2227.0,2229.85009765625,2219.699951171875,2224.5,2224.5,150536
2022-04-28 12:30:00+05:30,2224.5,2233.14990234375,2222.199951171875,2229.89990234375,2229.89990234375,123308
2022-04-28 12:45:00+05:30,2229.89990234375,2237.0,2229.89990234375,2235.0,2235.0,107471
2022-04-28 13:00:00+05:30,2235.0,2242.64990234375,2234.0,2240.14990234375,2240.14990234375,153069
2022-04-28 13:15:00+05:30,2240.14990234375,2241.0,2237.10009765625,2240.0,2240.0,78595
2022-04-28 13:30:00+05:30,2240.0,2249.0,2239.89990234375,2247.64990234375,2247.64990234375,186675
2022-04-28 13:45:00+05:30,2247.60009765625,2250.0,2245.5,2249.550048828125,2249.550048828125,148911
2022-04-28 14:00:00+05:30,2249.14990234375,2249.550048828125,2244.10009765625,2246.60009765625,2246.60009765625,114436
2022-04-28 14:15:00+05:30,2245.85009765625,2247.0,2237.800048828125,2244.699951171875,2244.699951171875,145159
2022-04-28 14:30:00+05:30,2244.64990234375,2247.0,2240.10009765625,2244.39990234375,2244.39990234375,101414
2022-04-28 14:45:00+05:30,2244.39990234375,2247.0,2239.800048828125,2242.550048828125,2242.550048828125,174514
2022-04-28 15:00:00+05:30,2242.60009765625,2243.5,2235.949951171875,2239.25,2239.25,387537
2022-04-28 15:15:00+05:30,2239.89990234375,2249.60009765625,2236.300048828125,2241.85009765625,2241.85009765625,386461
2022-04-29 09:15:00+05:30,2244.39990234375,2249.75,2224.60009765625,2238.10009765625,2238.10009765625,67153
2022-04-29 09:30:00+05:30,2237.64990234375,2248.75,2235.5,2245.0,2245.0,60584
2022-04-29 09:45:00+05:30,2245.14990234375,2262.85009765625,2243.300048828125,2262.85009765625,2262.85009765625,114943
2022-04-29 10:00:00+05:30,2263.0,2263.0,2252.0,2255.949951171875,2255.949951171875,79835
2022-04-29 10:15:00+05:30,2255.89990234375,2256.60009765625,2247.64990234375,2251.0,2251.0,47351
2022-04-29 10:30:00+05:30,2251.0,2261.449951171875,2250.89990234375,2257.35009765625,2257.35009765625,43620
2022-04-29 10:45:00+05:30,2257.35009765625,2262.0,2256.25,2260.0,2260.0,34598
2022-04-29 11:00:00+05:30,2260.050048828125,2264.85009765625,2258.64990234375,2263.0,2263.0,37657
2022-04-29 11:15:00+05:30,2262.75,2265.0,2259.25,2262.550048828125,2262.550048828125,40749
2022-04-29 11:30:00+05:30,2262.60009765625,2270.0,2261.85009765625,2268.550048828125,2268.550048828125,107495
2022-04-29 11:45:00+05:30,2269.10009765625,2272.0,2268.0,2268.25,2268.25,110325
2022-04-29 12:00:00+05:30,2268.0,2272.35009765625,2263.89990234375,2271.85009765625,2271.85009765625,97784
2022-04-29 12:15:00+05:30,2271.85009765625,2281.0,2270.550048828125,2280.5,2280.5,113681
2022-04-29 12:30:00+05:30,2280.5,2289.89990234375,2278.699951171875,2281.35009765625,2281.35009765625,126918
2022-04-29 12:45:00+05:30,2281.85009765625,2289.199951171875,2279.85009765625,2280.050048828125,2280.050048828125,120285
2022-04-29 13:00:00+05:30,2280.10009765625,2285.0,2279.0,2280.75,2280.75,62449
2022-04-29 13:15:00+05:30,2280.75,2284.89990234375,2280.0,2280.10009765625,2280.10009765625,66576
2022-04-29 13:30:00+05:30,2280.10009765625,2280.85009765625,2271.5,2271.5,2271.5,100561
2022-04-29 13:45:00+05:30,2272.0,2275.949951171875,2270.0,2275.0,2275.0,72647
2022-04-29 14:00:00+05:30,2275.0,2275.5,2261.14990234375,2261.14990234375,2261.14990234375,80718
2022-04-29 14:15:00+05:30,2261.199951171875,2262.949951171875,2252.35009765625,2254.0,2254.0,108600
2022-04-29 14:30:00+05:30,2254.699951171875,2259.89990234375,2253.5,2258.0,2258.0,51334
2022-04-29 14:45:00+05:30,2257.949951171875,2268.39990234375,2256.0,2266.949951171875,2266.949951171875,58714
2022-04-29 15:00:00+05:30,2267.199951171875,2267.199951171875,2227.10009765625,2230.60009765625,2230.60009765625,426507
2022-04-29 15:15:00+05:30,2230.60009765625,2253.800048828125,2224.5,2234.85009765625,2234.85009765625,344914
2022-05-02 09:15:00+05:30,2217.449951171875,2236.949951171875,2209.39990234375,2221.0,2221.0,61136
2022-05-02 09:30:00+05:30,2220.800048828125,2237.949951171875,2217.14990234375,2227.60009765625,2227.60009765625,52606
2022-05-02 09:45:00+05:30,2228.800048828125,2228.800048828125,2220.0,2224.60009765625,2224.60009765625,33876
2022-05-02 10:00:00+05:30,2224.449951171875,2241.39990234375,2224.300048828125,2239.550048828125,2239.550048828125,61306
2022-05-02 10:15:00+05:30,2239.85009765625,2240.800048828125,2229.39990234375,2231.5,2231.5,64040
2022-05-02 10:30:00+05:30,2232.449951171875,2235.85009765625,2223.300048828125,2235.0,2235.0,34518
2022-05-02 10:45:00+05:30,2235.0,2235.0,2225.0,2225.949951171875,2225.949951171875,21971
2022-05-02 11:00:00+05:30,2225.89990234375,2230.0,2218.800048828125,2229.699951171875,2229.699951171875,80422
2022-05-02 11:15:00+05:30,2229.699951171875,2235.0,2227.300048828125,2232.0,2232.0,43404
2022-05-02 11:30:00+05:30,2232.5,2235.0,2230.699951171875,2233.60009765625,2233.60009765625,33169
2022-05-02 11:45:00+05:30,2233.449951171875,2238.949951171875,2232.5,2238.050048828125,2238.050048828125,28413
2022-05-02 12:00:00+05:30,2238.050048828125,2244.5,2235.0,2236.5,2236.5,56462
2022-05-02 12:15:00+05:30,2236.550048828125,2241.800048828125,2235.14990234375,2240.050048828125,2240.050048828125,46234
2022-05-02 12:30:00+05:30,2240.10009765625,2240.449951171875,2237.0,2237.5,2237.5,14864
2022-05-02 12:45:00+05:30,2237.550048828125,2245.0,2234.5,2244.60009765625,2244.60009765625,84036
2022-05-02 13:00:00+05:30,2244.60009765625,2247.0,2241.199951171875,2245.0,2245.0,31955
2022-05-02 13:15:00+05:30,2244.85009765625,2252.0,2240.0,2245.35009765625,2245.35009765625,105865
2022-05-02 13:30:00+05:30,2245.300048828125,2247.050048828125,2229.949951171875,2233.14990234375,2233.14990234375,149607
2022-05-02 13:45:00+05:30,2232.75,2236.25,2230.949951171875,2233.949951171875,2233.949951171875,36258
2022-05-02 14:00:00+05:30,2234.0,2237.050048828125,2227.449951171875,2234.85009765625,2234.85009765625,74216
2022-05-02 14:15:00+05:30,2234.89990234375,2235.0,2226.550048828125,2227.60009765625,2227.60009765625,56702
2022-05-02 14:30:00+05:30,2227.949951171875,2232.0,2223.5,2225.0,2225.0,56648
2022-05-02 14:45:00+05:30,2224.949951171875,2238.949951171875,2223.0,2232.0,2232.0,116035
2022-05-02 15:00:00+05:30,2232.0,2235.949951171875,2229.14990234375,2232.35009765625,2232.35009765625,64109
2022-05-02 15:15:00+05:30,2232.35009765625,2232.75,2222.199951171875,2230.5,2230.5,83270
2022-05-04 09:15:00+05:30,2247.800048828125,2249.050048828125,2206.0,2210.199951171875,2210.199951171875,75200
2022-05-04 09:30:00+05:30,2210.199951171875,2210.60009765625,2191.64990234375,2196.89990234375,2196.89990234375,103266
2022-05-04 09:45:00+05:30,2196.10009765625,2197.85009765625,2186.0,2197.800048828125,2197.800048828125,59918
2022-05-04 10:00:00+05:30,2197.89990234375,2204.0,2192.800048828125,2203.449951171875,2203.449951171875,48434
2022-05-04 10:15:00+05:30,2203.39990234375,2203.800048828125,2182.699951171875,2187.5,2187.5,46088
2022-05-04 10:30:00+05:30,2187.300048828125,2192.89990234375,2185.0,2186.14990234375,2186.14990234375,31327
2022-05-04 10:45:00+05:30,2186.14990234375,2192.5,2184.75,2191.0,2191.0,27797
2022-05-04 11:00:00+05:30,2191.0,2198.39990234375,2190.25,2194.699951171875,2194.699951171875,40926
2022-05-04 11:15:00+05:30,2194.10009765625,2199.35009765625,2190.0,2192.199951171875,2192.199951171875,38869
2022-05-04 11:30:00+05:30,2192.199951171875,2192.800048828125,2187.199951171875,2189.949951171875,2189.949951171875,33571
2022-05-04 11:45:00+05:30,2190.0,2198.25,2189.10009765625,2196.699951171875,2196.699951171875,29664
2022-05-04 12:00:00+05:30,2196.699951171875,2197.0,2188.0,2196.5,2196.5,29994
2022-05-04 12:15:00+05:30,2196.5,2198.75,2181.300048828125,2184.89990234375,2184.89990234375,73846
2022-05-04 12:30:00+05:30,2184.85009765625,2184.85009765625,2172.300048828125,2175.800048828125,2175.800048828125,50384
2022-05-04 12:45:00+05:30,2175.75,2177.0,2168.60009765625,2176.449951171875,2176.449951171875,34262
2022-05-04 13:00:00+05:30,2176.25,2181.85009765625,2176.0,2176.39990234375,2176.39990234375,52597
2022-05-04 13:15:00+05:30,2176.39990234375,2183.35009765625,2175.25,2175.60009765625,2175.60009765625,39446
2022-05-04 13:30:00+05:30,2175.64990234375,2176.699951171875,2167.949951171875,2175.050048828125,2175.050048828125,38015
2022-05-04 13:45:00+05:30,2175.10009765625,2177.85009765625,2172.35009765625,2175.39990234375,2175.39990234375,25523
2022-05-04 14:00:00+05:30,2175.39990234375,2187.0,2163.64990234375,2166.85009765625,2166.85009765625,97188
2022-05-04 14:15:00+05:30,2166.75,2166.89990234375,2160.14990234375,2163.800048828125,2163.800048828125,59120
2022-05-04 14:30:00+05:30,2162.39990234375,2166.050048828125,2150.300048828125,2151.0,2151.0,68759
2022-05-04 14:45:00+05:30,2151.0,2165.0,2151.0,2162.0,2162.0,83557
2022-05-04 15:00:00+05:30,2162.449951171875,2180.89990234375,2161.0,2177.39990234375,2177.39990234375,172269
2022-05-04 15:15:00+05:30,2177.0,2178.0,2168.39990234375,2171.5,2171.5,159703
2022-05-05 09:15:00+05:30,2181.85009765625,2181.85009765625,2153.60009765625,2173.949951171875,2173.949951171875,36335
2022-05-05 09:30:00+05:30,2173.949951171875,2177.25,2166.14990234375,2170.800048828125,2170.800048828125,36956
2022-05-05 09:45:00+05:30,2171.0,2181.550048828125,2171.0,2177.60009765625,2177.60009765625,22897
2022-05-05 10:00:00+05:30,2177.550048828125,2190.949951171875,2177.550048828125,2190.050048828125,2190.050048828125,50012
2022-05-05 10:15:00+05:30,2190.050048828125,2201.85009765625,2188.949951171875,2191.89990234375,2191.89990234375,94640
2022-05-05 10:30:00+05:30,2192.0,2193.85009765625,2175.0,2177.0,2177.0,30136
2022-05-05 10:45:00+05:30,2176.449951171875,2188.25,2176.39990234375,2177.800048828125,2177.800048828125,23787
2022-05-05 11:00:00+05:30,2177.949951171875,2187.199951171875,2175.0,2186.0,2186.0,24492
2022-05-05 11:15:00+05:30,2185.949951171875,2186.0,2177.050048828125,2178.10009765625,2178.10009765625,14594
2022-05-05 11:30:00+05:30,2178.39990234375,2180.85009765625,2175.0,2179.0,2179.0,26104
2022-05-05 11:45:00+05:30,2179.35009765625,2182.39990234375,2175.0,2178.0,2178.0,46822
2022-05-05 12:00:00+05:30,2178.35009765625,2183.449951171875,2175.0,2181.89990234375,2181.89990234375,29003
2022-05-05 12:15:00+05:30,2182.39990234375,2184.949951171875,2180.800048828125,2183.0,2183.0,21231
2022-05-05 12:30:00+05:30,2183.89990234375,2191.39990234375,2181.800048828125,2183.550048828125,2183.550048828125,49156
2022-05-05 12:45:00+05:30,2183.60009765625,2184.800048828125,2178.10009765625,2179.14990234375,2179.14990234375,25500
2022-05-05 13:00:00+05:30,2179.14990234375,2181.39990234375,2170.39990234375,2170.39990234375,2170.39990234375,37212
2022-05-05 13:15:00+05:30,2170.699951171875,2181.60009765625,2168.0,2180.25,2180.25,58760
2022-05-05 13:30:00+05:30,2180.25,2180.300048828125,2162.300048828125,2163.199951171875,2163.199951171875,44108
2022-05-05 13:45:00+05:30,2163.199951171875,2172.550048828125,2162.0,2168.0,2168.0,38810
2022-05-05 14:00:00+05:30,2168.050048828125,2174.0,2164.25,2169.0,2169.0,35855
2022-05-05 14:15:00+05:30,2170.0,2170.300048828125,2162.800048828125,2165.800048828125,2165.800048828125,48400
2022-05-05 14:30:00+05:30,2166.0,2166.699951171875,2160.699951171875,2161.14990234375,2161.14990234375,55936
2022-05-05 14:45:00+05:30,2161.89990234375,2171.800048828125,2158.699951171875,2170.0,2170.0,51545
2022-05-05 15:00:00+05:30,2172.199951171875,2173.699951171875,2159.14990234375,2163.14990234375,2163.14990234375,76819
2022-05-05 15:15:00+05:30,2163.10009765625,2171.699951171875,2159.0,2160.0,2160.0,56712
2022-05-06 09:15:00+05:30,2126.5,2133.85009765625,2106.199951171875,2129.5,2129.5,59421
2022-05-06 09:30:00+05:30,2129.800048828125,2139.699951171875,2124.949951171875,2136.199951171875,2136.199951171875,50787
2022-05-06 09:45:00+05:30,2137.0,2137.39990234375,2130.800048828125,2134.10009765625,2134.10009765625,23021
2022-05-06 10:00:00+05:30,2134.10009765625,2134.10009765625,2125.64990234375,2128.550048828125,2128.550048828125,27204
2022-05-06 10:15:00+05:30,2127.85009765625,2132.199951171875,2119.5,2128.5,2128.5,33744
2022-05-06 10:30:00+05:30,2128.5,2142.199951171875,2127.550048828125,2137.0,2137.0,51778
2022-05-06 10:45:00+05:30,2137.75,2142.0,2135.64990234375,2138.800048828125,2138.800048828125,24682
2022-05-06 11:00:00+05:30,2138.800048828125,2149.89990234375,2136.5,2149.699951171875,2149.699951171875,48626
2022-05-06 11:15:00+05:30,2149.5,2152.800048828125,2146.050048828125,2151.0,2151.0,47462
2022-05-06 11:30:00+05:30,2151.5,2156.89990234375,2148.0,2153.199951171875,2153.199951171875,37442
2022-05-06 11:45:00+05:30,2153.800048828125,2153.800048828125,2141.14990234375,2145.699951171875,2145.699951171875,41409
2022-05-06 12:00:00+05:30,2144.699951171875,2150.0,2143.10009765625,2148.35009765625,2148.35009765625,18619
2022-05-06 12:15:00+05:30,2148.35009765625,2154.199951171875,2141.5,2147.75,2147.75,58505
2022-05-06 12:30:00+05:30,2147.699951171875,2155.39990234375,2143.60009765625,2153.85009765625,2153.85009765625,31894
2022-05-06 12:45:00+05:30,2153.75,2156.39990234375,2148.85009765625,2155.0,2155.0,33809
2022-05-06 13:00:00+05:30,2155.0,2156.0,2149.0,2152.550048828125,2152.550048828125,39779
2022-05-06 13:15:00+05:30,2152.449951171875,2156.75,2147.0,2155.699951171875,2155.699951171875,50411
2022-05-06 13:30:00+05:30,2155.699951171875,2156.5,2145.0,2146.050048828125,2146.050048828125,49989
2022-05-06 13:45:00+05:30,2146.0,2163.699951171875,2144.39990234375,2163.699951171875,2163.699951171875,136657
2022-05-06 14:00:00+05:30,2163.699951171875,2170.0,2155.64990234375,2156.14990234375,2156.14990234375,98667
2022-05-06 14:15:00+05:30,2156.14990234375,2161.85009765625,2150.0,2154.89990234375,2154.89990234375,58325
2022-05-06 14:30:00+05:30,2154.85009765625,2155.800048828125,2147.800048828125,2155.0,2155.0,55384
2022-05-06 14:45:00+05:30,2154.89990234375,2159.39990234375,2153.0,2154.10009765625,2154.10009765625,51607
2022-05-06 15:00:00+05:30,2153.85009765625,2156.25,2145.949951171875,2147.14990234375,2147.14990234375,196011
2022-05-06 15:15:00+05:30,2147.14990234375,2152.0,2146.75,2149.10009765625,2149.10009765625,178486
2022-05-09 09:15:00+05:30,2129.949951171875,2139.35009765625,2114.89990234375,2130.0,2130.0,94909
2022-05-09 09:30:00+05:30,2129.64990234375,2135.25,2125.5,2127.64990234375,2127.64990234375,37388
2022-05-09 09:45:00+05:30,2126.85009765625,2128.89990234375,2115.800048828125,2124.85009765625,2124.85009765625,58051
2022-05-09 10:00:00+05:30,2124.85009765625,2125.949951171875,2117.0,2119.050048828125,2119.050048828125,43554
2022-05-09 10:15:00+05:30,2119.050048828125,2120.5,2115.0,2117.949951171875,2117.949951171875,29905
2022-05-09 10:30:00+05:30,2117.89990234375,2120.800048828125,2113.0,2120.0,2120.0,38091
2022-05-09 10:45:00+05:30,2121.85009765625,2125.0,2118.89990234375,2122.60009765625,2122.60009765625,37704
2022-05-09 11:00:00+05:30,2122.60009765625,2124.949951171875,2118.85009765625,2120.10009765625,2120.10009765625,63533
2022-05-09 11:15:00+05:30,2120.10009765625,2124.0,2115.0,2123.14990234375,2123.14990234375,22258
2022-05-09 11:30:00+05:30,2123.14990234375,2127.0,2121.0,2126.949951171875,2126.949951171875,31578
2022-05-09 11:45:00+05:30,2125.5,2129.89990234375,2117.0,2118.25,2118.25,44538
2022-05-09 12:00:00+05:30,2118.0,2123.0,2113.0,2121.60009765625,2121.60009765625,36023
2022-05-09 12:15:00+05:30,2121.60009765625,2124.0,2119.199951171875,2120.0,2120.0,18368
2022-05-09 12:30:00+05:30,2120.0,2126.64990234375,2119.550048828125,2125.25,2125.25,35167
2022-05-09 12:45:00+05:30,2124.75,2127.0,2118.0,2119.64990234375,2119.64990234375,39239
2022-05-09 13:00:00+05:30,2118.550048828125,2128.199951171875,2118.0,2126.550048828125,2126.550048828125,41587
2022-05-09 13:15:00+05:30,2126.550048828125,2127.0,2120.0,2121.64990234375,2121.64990234375,29904
2022-05-09 13:30:00+05:30,2121.14990234375,2124.300048828125,2115.89990234375,2118.550048828125,2118.550048828125,49522
2022-05-09 13:45:00+05:30,2118.550048828125,2118.949951171875,2110.550048828125,2117.199951171875,2117.199951171875,43422
2022-05-09 14:00:00+05:30,2117.199951171875,2120.0,2110.39990234375,2116.550048828125,2116.550048828125,81455
2022-05-09 14:15:00+05:30,2116.60009765625,2120.0,2115.050048828125,2117.949951171875,2117.949951171875,47928
2022-05-09 14:30:00+05:30,2117.949951171875,2126.199951171875,2117.199951171875,2125.5,2125.5,49840
2022-05-09 14:45:00+05:30,2125.5,2129.5,2119.75,2120.699951171875,2120.699951171875,82330
2022-05-09 15:00:00+05:30,2119.35009765625,2120.699951171875,2110.199951171875,2117.39990234375,2117.39990234375,75108
2022-05-09 15:15:00+05:30,2116.25,2121.0,2115.050048828125,2119.0,2119.0,110084
2022-05-10 09:15:00+05:30,2121.949951171875,2172.35009765625,2119.0,2164.60009765625,2164.60009765625,116186
2022-05-10 09:30:00+05:30,2163.64990234375,2172.0,2150.0,2153.050048828125,2153.050048828125,112355
2022-05-10 09:45:00+05:30,2152.85009765625,2158.0,2147.550048828125,2150.35009765625,2150.35009765625,47034
2022-05-10 10:00:00+05:30,2151.5,2152.699951171875,2143.0,2148.14990234375,2148.14990234375,48827
2022-05-10 10:15:00+05:30,2147.10009765625,2152.699951171875,2147.0,2151.949951171875,2151.949951171875,35903
2022-05-10 10:30:00+05:30,2151.5,2152.300048828125,2148.75,2150.0,2150.0,21124
2022-05-10 10:45:00+05:30,2149.949951171875,2151.85009765625,2147.0,2149.800048828125,2149.800048828125,19768
2022-05-10 11:00:00+05:30,2149.800048828125,2157.0,2148.300048828125,2155.699951171875,2155.699951171875,54139
2022-05-10 11:15:00+05:30,2155.0,2157.0,2150.35009765625,2155.85009765625,2155.85009765625,28375
2022-05-10 11:30:00+05:30,2156.0,2163.550048828125,2155.0,2161.300048828125,2161.300048828125,129129
2022-05-10 11:45:00+05:30,2161.14990234375,2165.0,2156.39990234375,2164.39990234375,2164.39990234375,53494
2022-05-10 12:00:00+05:30,2164.10009765625,2166.0,2162.25,2163.89990234375,2163.89990234375,49969
2022-05-10 12:15:00+05:30,2164.699951171875,2169.449951171875,2161.300048828125,2164.25,2164.25,34545
2022-05-10 12:30:00+05:30,2164.25,2172.0,2158.199951171875,2172.0,2172.0,102161
2022-05-10 12:45:00+05:30,2173.949951171875,2179.800048828125,2171.35009765625,2178.89990234375,2178.89990234375,84533
2022-05-10 13:00:00+05:30,2178.89990234375,2189.0,2175.050048828125,2183.64990234375,2183.64990234375,75721
2022-05-10 13:15:00+05:30,2182.449951171875,2187.300048828125,2178.35009765625,2182.89990234375,2182.89990234375,59239
2022-05-10 13:30:00+05:30,2182.800048828125,2191.5,2179.550048828125,2189.199951171875,2189.199951171875,68775
2022-05-10 13:45:00+05:30,2189.050048828125,2191.75,2185.0,2188.60009765625,2188.60009765625,95464
2022-05-10 14:00:00+05:30,2189.0,2193.35009765625,2187.550048828125,2190.0,2190.0,137573
2022-05-10 14:15:00+05:30,2189.949951171875,2197.64990234375,2185.550048828125,2188.10009765625,2188.10009765625,105256
2022-05-10 14:30:00+05:30,2187.60009765625,2192.0,2187.0,2188.89990234375,2188.89990234375,74153
2022-05-10 14:45:00+05:30,2189.300048828125,2189.800048828125,2179.10009765625,2185.39990234375,2185.39990234375,95044
2022-05-10 15:00:00+05:30,2185.5,2187.800048828125,2177.949951171875,2179.60009765625,2179.60009765625,186159
2022-05-10 15:15:00+05:30,2179.60009765625,2182.0,2174.699951171875,2180.39990234375,2180.39990234375,249356
2022-05-11 09:15:00+05:30,2187.0,2187.25,2158.5,2165.300048828125,2165.300048828125,64484
2022-05-11 09:30:00+05:30,2165.300048828125,2166.300048828125,2148.050048828125,2148.050048828125,2148.050048828125,73573
2022-05-11 09:45:00+05:30,2149.0,2151.0,2136.550048828125,2137.10009765625,2137.10009765625,73609
2022-05-11 10:00:00+05:30,2137.10009765625,2139.25,2127.10009765625,2132.64990234375,2132.64990234375,61961
2022-05-11 10:15:00+05:30,2132.75,2135.550048828125,2126.699951171875,2131.64990234375,2131.64990234375,48221
2022-05-11 10:30:00+05:30,2131.449951171875,2133.300048828125,2122.0,2122.0,2122.0,45264
2022-05-11 10:45:00+05:30,2121.35009765625,2129.300048828125,2120.75,2124.75,2124.75,132292
2022-05-11 11:00:00+05:30,2124.75,2126.75,2116.0,2118.85009765625,2118.85009765625,47103
2022-05-11 11:15:00+05:30,2118.60009765625,2127.800048828125,2117.050048828125,2126.14990234375,2126.14990234375,196894
2022-05-11 11:30:00+05:30,2127.0,2135.0,2124.0,2125.300048828125,2125.300048828125,97657
2022-05-11 11:45:00+05:30,2125.0,2134.75,2125.0,2131.800048828125,2131.800048828125,32929
2022-05-11 12:00:00+05:30,2131.800048828125,2142.449951171875,2130.5,2141.0,2141.0,42251
2022-05-11 12:15:00+05:30,2141.0,2148.0,2140.949951171875,2146.85009765625,2146.85009765625,40730
2022-05-11 12:30:00+05:30,2146.85009765625,2149.60009765625,2137.050048828125,2140.449951171875,2140.449951171875,76338
2022-05-11 12:45:00+05:30,2140.5,2141.5,2133.14990234375,2137.5,2137.5,92266
2022-05-11 13:00:00+05:30,2137.550048828125,2139.75,2131.39990234375,2138.0,2138.0,66045
2022-05-11 13:15:00+05:30,2138.0,2145.949951171875,2137.0,2144.89990234375,2144.89990234375,53065
2022-05-11 13:30:00+05:30,2144.89990234375,2148.800048828125,2139.75,2140.300048828125,2140.300048828125,72115
2022-05-11 13:45:00+05:30,2140.0,2144.89990234375,2139.0,2140.199951171875,2140.199951171875,37615
2022-05-11 14:00:00+05:30,2140.25,2147.14990234375,2140.10009765625,2145.949951171875,2145.949951171875,49730
2022-05-11 14:15:00+05:30,2145.949951171875,2154.5,2144.449951171875,2150.89990234375,2150.89990234375,50224
2022-05-11 14:30:00+05:30,2151.550048828125,2159.5,2144.550048828125,2157.699951171875,2157.699951171875,64940
2022-05-11 14:45:00+05:30,2157.800048828125,2161.699951171875,2155.39990234375,2157.85009765625,2157.85009765625,45840
2022-05-11 15:00:00+05:30,2157.800048828125,2167.449951171875,2154.10009765625,2165.5,2165.5,114584
2022-05-11 15:15:00+05:30,2165.449951171875,2169.949951171875,2164.0,2169.0,2169.0,108447
2022-05-12 09:15:00+05:30,2164.75,2164.75,2121.300048828125,2122.64990234375,2122.64990234375,51795
2022-05-12 09:30:00+05:30,2122.0,2122.800048828125,2109.199951171875,2112.449951171875,2112.449951171875,68679
2022-05-12 09:45:00+05:30,2112.800048828125,2124.199951171875,2111.0,2118.0,2118.0,48774
2022-05-12 10:00:00+05:30,2117.949951171875,2125.89990234375,2116.75,2119.449951171875,2119.449951171875,32025
2022-05-12 10:15:00+05:30,2118.5,2120.699951171875,2114.0,2116.89990234375,2116.89990234375,25021
2022-05-12 10:30:00+05:30,2116.89990234375,2129.5,2115.10009765625,2127.949951171875,2127.949951171875,45354
2022-05-12 10:45:00+05:30,2127.949951171875,2132.14990234375,2120.25,2122.050048828125,2122.050048828125,59244
2022-05-12 11:00:00+05:30,2122.050048828125,2125.0,2121.050048828125,2123.449951171875,2123.449951171875,23597
2022-05-12 11:15:00+05:30,2123.35009765625,2128.300048828125,2123.10009765625,2125.64990234375,2125.64990234375,24888
2022-05-12 11:30:00+05:30,2125.64990234375,2131.0,2125.0,2130.64990234375,2130.64990234375,28812
2022-05-12 11:45:00+05:30,2130.550048828125,2136.0,2129.5,2131.60009765625,2131.60009765625,30429
2022-05-12 12:00:00+05:30,2131.60009765625,2139.0,2129.300048828125,2137.5,2137.5,38641
2022-05-12 12:15:00+05:30,2137.5,2138.449951171875,2134.10009765625,2136.0,2136.0,43350
2022-05-12 12:30:00+05:30,2136.0,2138.85009765625,2132.0,2134.449951171875,2134.449951171875,61667
2022-05-12 12:45:00+05:30,2133.5,2141.5,2131.199951171875,2140.0,2140.0,89349
2022-05-12 13:00:00+05:30,2139.949951171875,2147.60009765625,2136.0,2141.39990234375,2141.39990234375,65619
2022-05-12 13:15:00+05:30,2141.89990234375,2145.300048828125,2138.199951171875,2144.550048828125,2144.550048828125,52432
2022-05-12 13:30:00+05:30,2144.550048828125,2147.0,2141.14990234375,2144.449951171875,2144.449951171875,73745
2022-05-12 13:45:00+05:30,2143.75,2147.300048828125,2140.35009765625,2144.89990234375,2144.89990234375,70085
2022-05-12 14:00:00+05:30,2144.85009765625,2147.0,2142.39990234375,2144.60009765625,2144.60009765625,60280
2022-05-12 14:15:00+05:30,2143.800048828125,2151.0,2142.0,2149.60009765625,2149.60009765625,46657
2022-05-12 14:30:00+05:30,2149.60009765625,2151.0,2142.39990234375,2144.449951171875,2144.449951171875,39960
2022-05-12 14:45:00+05:30,2145.0,2146.0,2137.300048828125,2145.0,2145.0,87985
2022-05-12 15:00:00+05:30,2145.0,2145.0,2133.550048828125,2139.10009765625,2139.10009765625,144218
2022-05-12 15:15:00+05:30,2139.25,2143.5,2134.10009765625,2138.800048828125,2138.800048828125,117971
2022-05-13 09:15:00+05:30,2168.449951171875,2174.85009765625,2156.14990234375,2171.0,2171.0,58207
2022-05-13 09:30:00+05:30,2172.300048828125,2186.0,2171.0,2181.14990234375,2181.14990234375,103241
2022-05-13 09:45:00+05:30,2181.199951171875,2186.0,2176.89990234375,2177.0,2177.0,47356
2022-05-13 10:00:00+05:30,2177.0,2188.0,2176.0,2186.75,2186.75,50117
2022-05-13 10:15:00+05:30,2186.0,2193.85009765625,2185.14990234375,2187.0,2187.0,69505
2022-05-13 10:30:00+05:30,2187.0,2197.800048828125,2186.300048828125,2192.699951171875,2192.699951171875,58720
2022-05-13 10:45:00+05:30,2192.550048828125,2193.39990234375,2182.5,2184.75,2184.75,50434
2022-05-13 11:00:00+05:30,2185.0,2189.25,2180.0,2182.25,2182.25,32531
2022-05-13 11:15:00+05:30,2182.60009765625,2185.89990234375,2179.0,2182.89990234375,2182.89990234375,56964
2022-05-13 11:30:00+05:30,2182.85009765625,2196.199951171875,2182.0,2196.199951171875,2196.199951171875,82640
2022-05-13 11:45:00+05:30,2196.39990234375,2208.10009765625,2196.39990234375,2205.25,2205.25,105994
2022-05-13 12:00:00+05:30,2204.25,2209.89990234375,2198.050048828125,2199.89990234375,2199.89990234375,101117
2022-05-13 12:15:00+05:30,2199.14990234375,2215.0,2199.14990234375,2210.60009765625,2210.60009765625,63464
2022-05-13 12:30:00+05:30,2208.60009765625,2214.64990234375,2204.39990234375,2214.60009765625,2214.60009765625,67100
2022-05-13 12:45:00+05:30,2214.64990234375,2215.0,2204.949951171875,2212.75,2212.75,49332
2022-05-13 13:00:00+05:30,2212.75,2216.800048828125,2208.0,2216.64990234375,2216.64990234375,47551
2022-05-13 13:15:00+05:30,2216.699951171875,2218.0,2208.0,2209.35009765625,2209.35009765625,42244
2022-05-13 13:30:00+05:30,2209.35009765625,2216.0,2208.5,2213.0,2213.0,33492
2022-05-13 13:45:00+05:30,2213.0,2215.0,2211.550048828125,2213.0,2213.0,34693
2022-05-13 14:00:00+05:30,2212.800048828125,2215.0,2203.199951171875,2205.0,2205.0,61575
2022-05-13 14:15:00+05:30,2205.0,2208.0,2198.050048828125,2198.35009765625,2198.35009765625,105996
2022-05-13 14:30:00+05:30,2198.699951171875,2201.25,2196.449951171875,2198.5,2198.5,182006
2022-05-13 14:45:00+05:30,2198.050048828125,2207.75,2197.0,2202.75,2202.75,77141
2022-05-13 15:00:00+05:30,2202.800048828125,2206.699951171875,2185.550048828125,2187.949951171875,2187.949951171875,231314
2022-05-13 15:15:00+05:30,2188.0,2196.64990234375,2185.85009765625,2188.25,2188.25,179737
2022-05-16 09:15:00+05:30,2200.800048828125,2203.60009765625,2182.39990234375,2186.449951171875,2186.449951171875,52141
2022-05-16 09:30:00+05:30,2186.39990234375,2202.64990234375,2185.10009765625,2197.699951171875,2197.699951171875,48398
2022-05-16 09:45:00+05:30,2197.699951171875,2200.89990234375,2190.199951171875,2191.89990234375,2191.89990234375,30209
2022-05-16 10:00:00+05:30,2191.199951171875,2196.0,2188.5,2192.75,2192.75,27986
2022-05-16 10:15:00+05:30,2191.550048828125,2192.5,2181.10009765625,2181.75,2181.75,35544
2022-05-16 10:30:00+05:30,2181.75,2186.39990234375,2173.449951171875,2182.550048828125,2182.550048828125,49801
2022-05-16 10:45:00+05:30,2182.199951171875,2192.949951171875,2181.35009765625,2190.0,2190.0,30043
2022-05-16 11:00:00+05:30,2192.199951171875,2206.60009765625,2188.10009765625,2206.10009765625,2206.10009765625,93684
2022-05-16 11:15:00+05:30,2206.300048828125,2214.89990234375,2203.75,2204.89990234375,2204.89990234375,41887
2022-05-16 11:30:00+05:30,2205.64990234375,2208.0,2201.699951171875,2203.60009765625,2203.60009765625,30571
2022-05-16 11:45:00+05:30,2203.5,2207.0,2200.0,2200.050048828125,2200.050048828125,22976
2022-05-16 12:00:00+05:30,2201.0,2206.800048828125,2198.75,2201.75,2201.75,50903
2022-05-16 12:15:00+05:30,2200.800048828125,2209.35009765625,2199.0,2205.39990234375,2205.39990234375,42825
2022-05-16 12:30:00+05:30,2205.0,2209.5,2202.10009765625,2205.550048828125,2205.550048828125,41978
2022-05-16 12:45:00+05:30,2206.0,2212.0,2202.5,2209.0,2209.0,40001
2022-05-16 13:00:00+05:30,2209.25,2212.0,2206.75,2210.5,2210.5,23255
2022-05-16 13:15:00+05:30,2210.550048828125,2212.5,2209.10009765625,2210.050048828125,2210.050048828125,18907
2022-05-16 13:30:00+05:30,2210.0,2212.39990234375,2209.050048828125,2210.949951171875,2210.949951171875,23167
2022-05-16 13:45:00+05:30,2211.0,2217.949951171875,2209.75,2214.550048828125,2214.550048828125,72935
2022-05-16 14:00:00+05:30,2214.60009765625,2221.35009765625,2213.0,2215.85009765625,2215.85009765625,61435
2022-05-16 14:15:00+05:30,2215.85009765625,2220.14990234375,2214.35009765625,2216.0,2216.0,44758
2022-05-16 14:30:00+05:30,2216.0,2217.60009765625,2213.64990234375,2217.5,2217.5,55233
2022-05-16 14:45:00+05:30,2217.550048828125,2218.0,2210.0,2211.800048828125,2211.800048828125,44894
2022-05-16 15:00:00+05:30,2211.39990234375,2219.0,2210.0,2216.39990234375,2216.39990234375,148302
2022-05-16 15:15:00+05:30,2216.050048828125,2221.800048828125,2215.0,2217.25,2217.25,189825
2022-05-17 09:15:00+05:30,2234.75,2253.300048828125,2225.800048828125,2243.949951171875,2243.949951171875,67843
2022-05-17 09:30:00+05:30,2244.25,2246.85009765625,2236.0,2245.25,2245.25,62501
2022-05-17 09:45:00+05:30,2245.5,2256.25,2242.60009765625,2252.449951171875,2252.449951171875,105968
2022-05-17 10:00:00+05:30,2251.949951171875,2259.0,2246.699951171875,2258.0,2258.0,89460
2022-05-17 10:15:00+05:30,2258.0,2265.300048828125,2257.050048828125,2263.39990234375,2263.39990234375,177605
2022-05-17 10:30:00+05:30,2263.39990234375,2273.60009765625,2263.39990234375,2273.0,2273.0,119043
2022-05-17 10:45:00+05:30,2273.0,2276.0,2265.0,2273.0,2273.0,83705
2022-05-17 11:00:00+05:30,2273.0,2276.949951171875,2259.050048828125,2259.199951171875,2259.199951171875,99292
2022-05-17 11:15:00+05:30,2259.199951171875,2261.0,2251.89990234375,2257.39990234375,2257.39990234375,69586
2022-05-17 11:30:00+05:30,2257.39990234375,2259.10009765625,2252.14990234375,2252.25,2252.25,65909
2022-05-17 11:45:00+05:30,2252.300048828125,2254.85009765625,2248.35009765625,2250.800048828125,2250.800048828125,45403
2022-05-17 12:00:00+05:30,2250.800048828125,2253.449951171875,2250.0,2250.10009765625,2250.10009765625,21579
2022-05-17 12:15:00+05:30,2250.64990234375,2252.25,2245.0,2246.75,2246.75,46397
2022-05-17 12:30:00+05:30,2246.89990234375,2250.0,2243.449951171875,2245.89990234375,2245.89990234375,40524
2022-05-17 12:45:00+05:30,2245.89990234375,2250.0,2245.050048828125,2249.949951171875,2249.949951171875,103519
2022-05-17 13:00:00+05:30,2250.0,2252.25,2246.0,2249.449951171875,2249.449951171875,28735
2022-05-17 13:15:00+05:30,2249.85009765625,2250.0,2242.050048828125,2243.39990234375,2243.39990234375,34107
2022-05-17 13:30:00+05:30,2244.0,2249.699951171875,2242.0,2242.85009765625,2242.85009765625,33534
2022-05-17 13:45:00+05:30,2243.699951171875,2244.85009765625,2237.60009765625,2243.89990234375,2243.89990234375,35377
2022-05-17 14:00:00+05:30,2243.25,2246.0,2240.14990234375,2244.60009765625,2244.60009765625,25988
2022-05-17 14:15:00+05:30,2243.64990234375,2246.949951171875,2242.0,2246.5,2246.5,21467
2022-05-17 14:30:00+05:30,2246.449951171875,2248.75,2243.39990234375,2247.300048828125,2247.300048828125,34846
2022-05-17 14:45:00+05:30,2247.35009765625,2250.0,2245.949951171875,2247.39990234375,2247.39990234375,33635
2022-05-17 15:00:00+05:30,2246.25,2248.60009765625,2242.64990234375,2243.35009765625,2243.35009765625,112100
2022-05-17 15:15:00+05:30,2243.300048828125,2247.25,2242.75,2245.0,2245.0,159468
2022-05-18 09:15:00+05:30,2242.75,2256.89990234375,2236.10009765625,2248.60009765625,2248.60009765625,40463
2022-05-18 09:30:00+05:30,2249.550048828125,2255.89990234375,2238.0,2247.550048828125,2247.550048828125,194731
2022-05-18 09:45:00+05:30,2248.39990234375,2256.0,2244.14990234375,2249.39990234375,2249.39990234375,43952
2022-05-18 10:00:00+05:30,2249.39990234375,2253.14990234375,2247.449951171875,2249.550048828125,2249.550048828125,22429
2022-05-18 10:15:00+05:30,2249.85009765625,2255.5,2244.35009765625,2255.300048828125,2255.300048828125,31161
2022-05-18 10:30:00+05:30,2255.89990234375,2263.699951171875,2255.35009765625,2260.89990234375,2260.89990234375,46121
2022-05-18 10:45:00+05:30,2260.39990234375,2263.699951171875,2256.550048828125,2261.050048828125,2261.050048828125,34869
2022-05-18 11:00:00+05:30,2261.449951171875,2266.60009765625,2260.64990234375,2266.60009765625,2266.60009765625,30329
2022-05-18 11:15:00+05:30,2266.60009765625,2268.39990234375,2260.5,2268.35009765625,2268.35009765625,67086
2022-05-18 11:30:00+05:30,2268.35009765625,2270.0,2263.050048828125,2269.39990234375,2269.39990234375,74595
2022-05-18 11:45:00+05:30,2269.35009765625,2269.89990234375,2263.050048828125,2266.14990234375,2266.14990234375,45584
2022-05-18 12:00:00+05:30,2266.14990234375,2275.050048828125,2264.64990234375,2273.25,2273.25,104274
2022-05-18 12:15:00+05:30,2272.0,2276.0,2269.0,2271.75,2271.75,121467
2022-05-18 12:30:00+05:30,2271.75,2274.64990234375,2265.0,2270.10009765625,2270.10009765625,77889
2022-05-18 12:45:00+05:30,2270.10009765625,2279.0,2269.0,2278.0,2278.0,62088
2022-05-18 13:00:00+05:30,2278.050048828125,2283.949951171875,2275.550048828125,2283.5,2283.5,74634
2022-05-18 13:15:00+05:30,2284.800048828125,2285.0,2274.0,2282.0,2282.0,72857
2022-05-18 13:30:00+05:30,2282.449951171875,2292.25,2280.550048828125,2289.800048828125,2289.800048828125,102793
2022-05-18 13:45:00+05:30,2290.85009765625,2296.0,2285.5,2296.0,2296.0,68564
2022-05-18 14:00:00+05:30,2295.449951171875,2296.949951171875,2288.0,2293.10009765625,2293.10009765625,77538
2022-05-18 14:15:00+05:30,2293.550048828125,2294.60009765625,2287.0,2291.699951171875,2291.699951171875,75857
2022-05-18 14:30:00+05:30,2291.5,2293.0,2286.199951171875,2289.14990234375,2289.14990234375,80044
2022-05-18 14:45:00+05:30,2290.0,2302.0,2288.39990234375,2301.85009765625,2301.85009765625,128795
2022-05-18 15:00:00+05:30,2299.800048828125,2300.550048828125,2287.800048828125,2292.199951171875,2292.199951171875,220010
2022-05-18 15:15:00+05:30,2292.199951171875,2292.199951171875,2285.85009765625,2291.0,2291.0,180539
2022-05-19 09:15:00+05:30,2255.85009765625,2275.0,2247.14990234375,2266.550048828125,2266.550048828125,61406
2022-05-19 09:30:00+05:30,2266.550048828125,2271.949951171875,2257.800048828125,2260.64990234375,2260.64990234375,48943
2022-05-19 09:45:00+05:30,2260.64990234375,2265.64990234375,2253.699951171875,2254.5,2254.5,32031
2022-05-19 10:00:00+05:30,2254.0,2266.699951171875,2251.0,2266.0,2266.0,49021
2022-05-19 10:15:00+05:30,2265.5,2271.85009765625,2262.5,2268.64990234375,2268.64990234375,33211
2022-05-19 10:30:00+05:30,2268.5,2273.800048828125,2256.0,2258.35009765625,2258.35009765625,85092
2022-05-19 10:45:00+05:30,2258.449951171875,2262.949951171875,2251.10009765625,2259.64990234375,2259.64990234375,47696
2022-05-19 11:00:00+05:30,2259.64990234375,2260.0,2251.39990234375,2259.949951171875,2259.949951171875,57651
2022-05-19 11:15:00+05:30,2259.25,2267.25,2257.949951171875,2264.89990234375,2264.89990234375,71259
2022-05-19 11:30:00+05:30,2265.699951171875,2269.0,2262.0,2266.699951171875,2266.699951171875,90740
2022-05-19 11:45:00+05:30,2267.39990234375,2272.0,2264.75,2271.85009765625,2271.85009765625,69534
2022-05-19 12:00:00+05:30,2272.0,2273.800048828125,2266.949951171875,2271.10009765625,2271.10009765625,51531
2022-05-19 12:15:00+05:30,2271.10009765625,2283.300048828125,2269.64990234375,2279.550048828125,2279.550048828125,88601
2022-05-19 12:30:00+05:30,2279.60009765625,2279.949951171875,2273.300048828125,2274.10009765625,2274.10009765625,65082
2022-05-19 12:45:00+05:30,2273.550048828125,2277.10009765625,2268.0,2268.300048828125,2268.300048828125,55972
2022-05-19 13:00:00+05:30,2268.949951171875,2268.949951171875,2262.14990234375,2264.800048828125,2264.800048828125,48761
2022-05-19 13:15:00+05:30,2264.800048828125,2270.0,2261.699951171875,2269.60009765625,2269.60009765625,47019
2022-05-19 13:30:00+05:30,2267.89990234375,2270.60009765625,2266.25,2268.449951171875,2268.449951171875,45312
2022-05-19 13:45:00+05:30,2269.0,2271.60009765625,2264.0,2270.0,2270.0,50927
2022-05-19 14:00:00+05:30,2270.449951171875,2277.85009765625,2268.550048828125,2272.35009765625,2272.35009765625,50801
2022-05-19 14:15:00+05:30,2271.0,2280.0,2271.0,2272.0,2272.0,61553
2022-05-19 14:30:00+05:30,2272.0,2276.64990234375,2266.0,2269.5,2269.5,89796
2022-05-19 14:45:00+05:30,2269.35009765625,2274.64990234375,2268.050048828125,2269.39990234375,2269.39990234375,57823
2022-05-19 15:00:00+05:30,2269.39990234375,2271.449951171875,2258.449951171875,2262.85009765625,2262.85009765625,125493
2022-05-19 15:15:00+05:30,2262.85009765625,2271.35009765625,2253.0,2262.0,2262.0,147502
2022-05-20 09:15:00+05:30,2289.0,2323.0,2283.699951171875,2320.35009765625,2320.35009765625,115274
2022-05-20 09:30:00+05:30,2320.35009765625,2321.699951171875,2309.050048828125,2317.10009765625,2317.10009765625,105518
2022-05-20 09:45:00+05:30,2317.10009765625,2327.10009765625,2315.5,2323.949951171875,2323.949951171875,83472
2022-05-20 10:00:00+05:30,2323.39990234375,2326.39990234375,2319.0,2325.699951171875,2325.699951171875,56430
2022-05-20 10:15:00+05:30,2325.050048828125,2329.0,2321.14990234375,2324.0,2324.0,59707
2022-05-20 10:30:00+05:30,2323.75,2327.0,2321.89990234375,2322.75,2322.75,41901
2022-05-20 10:45:00+05:30,2322.550048828125,2323.0,2317.14990234375,2318.550048828125,2318.550048828125,35294
2022-05-20 11:00:00+05:30,2318.550048828125,2324.699951171875,2318.35009765625,2323.800048828125,2323.800048828125,31529
2022-05-20 11:15:00+05:30,2323.800048828125,2327.0,2322.75,2325.0,2325.0,36129
2022-05-20 11:30:00+05:30,2325.0,2339.5,2323.10009765625,2338.449951171875,2338.449951171875,170112
2022-05-20 11:45:00+05:30,2338.949951171875,2347.0,2338.449951171875,2339.89990234375,2339.89990234375,145918
2022-05-20 12:00:00+05:30,2338.89990234375,2346.949951171875,2334.0,2346.0,2346.0,381860
2022-05-20 12:15:00+05:30,2345.89990234375,2347.5,2336.800048828125,2341.89990234375,2341.89990234375,107977
2022-05-20 12:30:00+05:30,2342.0,2347.60009765625,2337.14990234375,2342.300048828125,2342.300048828125,91444
2022-05-20 12:45:00+05:30,2342.25,2343.949951171875,2335.199951171875,2337.800048828125,2337.800048828125,46181
2022-05-20 13:00:00+05:30,2338.25,2341.0,2333.050048828125,2335.14990234375,2335.14990234375,94879
2022-05-20 13:15:00+05:30,2335.14990234375,2335.14990234375,2323.949951171875,2326.800048828125,2326.800048828125,82428
2022-05-20 13:30:00+05:30,2326.800048828125,2326.800048828125,2319.800048828125,2326.39990234375,2326.39990234375,85798
2022-05-20 13:45:00+05:30,2325.800048828125,2332.0,2325.800048828125,2331.64990234375,2331.64990234375,86612
2022-05-20 14:00:00+05:30,2331.64990234375,2333.60009765625,2324.25,2332.0,2332.0,80510
2022-05-20 14:15:00+05:30,2332.0,2333.0,2325.449951171875,2327.550048828125,2327.550048828125,91078
2022-05-20 14:30:00+05:30,2327.64990234375,2331.800048828125,2326.0,2330.85009765625,2330.85009765625,72811
2022-05-20 14:45:00+05:30,2330.85009765625,2333.75,2327.050048828125,2330.699951171875,2330.699951171875,71819
2022-05-20 15:00:00+05:30,2331.0,2333.64990234375,2322.35009765625,2326.949951171875,2326.949951171875,159220
2022-05-20 15:15:00+05:30,2327.0,2327.0,2319.5,2322.0,2322.0,181431
2022-05-23 09:15:00+05:30,2314.949951171875,2344.800048828125,2310.699951171875,2331.199951171875,2331.199951171875,70334
2022-05-23 09:30:00+05:30,2332.699951171875,2337.25,2328.0,2334.0,2334.0,45544
2022-05-23 09:45:00+05:30,2333.949951171875,2355.0,2333.10009765625,2352.0,2352.0,132704
2022-05-23 10:00:00+05:30,2352.0,2353.5,2347.85009765625,2349.39990234375,2349.39990234375,44432
2022-05-23 10:15:00+05:30,2350.449951171875,2360.800048828125,2348.64990234375,2360.14990234375,2360.14990234375,124367
2022-05-23 10:30:00+05:30,2359.699951171875,2372.449951171875,2359.0,2366.550048828125,2366.550048828125,133686
2022-05-23 10:45:00+05:30,2366.800048828125,2369.14990234375,2363.0,2367.800048828125,2367.800048828125,31496
2022-05-23 11:00:00+05:30,2367.199951171875,2376.60009765625,2367.199951171875,2374.5,2374.5,117820
2022-05-23 11:15:00+05:30,2374.5,2380.85009765625,2373.050048828125,2377.0,2377.0,92877
2022-05-23 11:30:00+05:30,2377.0,2382.0,2377.0,2378.300048828125,2378.300048828125,77583
2022-05-23 11:45:00+05:30,2377.85009765625,2381.0,2376.300048828125,2378.85009765625,2378.85009765625,52002
2022-05-23 12:00:00+05:30,2378.85009765625,2385.0,2378.5,2384.89990234375,2384.89990234375,71128
2022-05-23 12:15:00+05:30,2385.0,2388.0,2382.050048828125,2383.800048828125,2383.800048828125,71730
2022-05-23 12:30:00+05:30,2383.550048828125,2383.800048828125,2375.0,2378.64990234375,2378.64990234375,71981
2022-05-23 12:45:00+05:30,2378.64990234375,2383.0,2375.0,2381.300048828125,2381.300048828125,60415
2022-05-23 13:00:00+05:30,2381.199951171875,2381.199951171875,2376.050048828125,2377.10009765625,2377.10009765625,55220
2022-05-23 13:15:00+05:30,2377.10009765625,2381.85009765625,2376.5,2377.949951171875,2377.949951171875,57258
2022-05-23 13:30:00+05:30,2377.949951171875,2382.89990234375,2374.199951171875,2376.300048828125,2376.300048828125,66993
2022-05-23 13:45:00+05:30,2375.75,2386.0,2373.85009765625,2382.0,2382.0,74609
2022-05-23 14:00:00+05:30,2381.0,2382.75,2370.0,2378.5,2378.5,83770
2022-05-23 14:15:00+05:30,2378.5,2384.550048828125,2372.050048828125,2382.39990234375,2382.39990234375,70501
2022-05-23 14:30:00+05:30,2383.0,2383.0,2376.300048828125,2380.5,2380.5,67436
2022-05-23 14:45:00+05:30,2380.10009765625,2384.0,2377.39990234375,2381.5,2381.5,86877
2022-05-23 15:00:00+05:30,2381.550048828125,2384.75,2368.449951171875,2384.14990234375,2384.14990234375,272719
2022-05-23 15:15:00+05:30,2384.050048828125,2384.949951171875,2378.199951171875,2379.800048828125,2379.800048828125,263113
2022-05-24 09:15:00+05:30,2377.85009765625,2377.85009765625,2303.39990234375,2310.10009765625,2310.10009765625,147917
2022-05-24 09:30:00+05:30,2308.300048828125,2325.0,2303.10009765625,2325.0,2325.0,229860
2022-05-24 09:45:00+05:30,2325.0,2335.0,2320.0,2324.300048828125,2324.300048828125,542560
2022-05-24 10:00:00+05:30,2325.0,2325.0,2314.550048828125,2317.0,2317.0,47934
2022-05-24 10:15:00+05:30,2316.75,2325.0,2309.050048828125,2322.85009765625,2322.85009765625,105174
2022-05-24 10:30:00+05:30,2322.85009765625,2329.0,2317.14990234375,2319.949951171875,2319.949951171875,41501
2022-05-24 10:45:00+05:30,2320.0,2322.800048828125,2318.0,2322.199951171875,2322.199951171875,40244
2022-05-24 11:00:00+05:30,2322.25,2327.75,2319.35009765625,2323.64990234375,2323.64990234375,81473
2022-05-24 11:15:00+05:30,2323.64990234375,2327.949951171875,2323.60009765625,2326.300048828125,2326.300048828125,45729
2022-05-24 11:30:00+05:30,2326.10009765625,2327.0,2320.0,2326.0,2326.0,56885
2022-05-24 11:45:00+05:30,2326.0,2326.050048828125,2323.0,2325.550048828125,2325.550048828125,167104
2022-05-24 12:00:00+05:30,2325.550048828125,2327.0,2320.0,2327.0,2327.0,55194
2022-05-24 12:15:00+05:30,2327.0,2333.949951171875,2325.75,2330.89990234375,2330.89990234375,36567
2022-05-24 12:30:00+05:30,2330.949951171875,2330.949951171875,2325.0,2327.89990234375,2327.89990234375,39201
2022-05-24 12:45:00+05:30,2328.35009765625,2328.449951171875,2326.0,2327.10009765625,2327.10009765625,39839
2022-05-24 13:00:00+05:30,2327.25,2329.949951171875,2316.10009765625,2321.14990234375,2321.14990234375,231099
2022-05-24 13:15:00+05:30,2321.14990234375,2327.0,2318.64990234375,2325.300048828125,2325.300048828125,47722
2022-05-24 13:30:00+05:30,2325.300048828125,2326.14990234375,2321.14990234375,2323.300048828125,2323.300048828125,148336
2022-05-24 13:45:00+05:30,2323.300048828125,2324.75,2316.199951171875,2320.550048828125,2320.550048828125,49262
2022-05-24 14:00:00+05:30,2320.550048828125,2320.800048828125,2314.699951171875,2318.0,2318.0,98941
2022-05-24 14:15:00+05:30,2318.550048828125,2318.550048828125,2310.0,2313.10009765625,2313.10009765625,50469
2022-05-24 14:30:00+05:30,2312.949951171875,2314.10009765625,2306.300048828125,2310.0,2310.0,76101
2022-05-24 14:45:00+05:30,2310.050048828125,2319.199951171875,2307.0,2317.0,2317.0,69635
2022-05-24 15:00:00+05:30,2317.39990234375,2317.39990234375,2308.60009765625,2308.75,2308.75,244824
2022-05-24 15:15:00+05:30,2308.75,2312.0,2303.050048828125,2309.64990234375,2309.64990234375,248924
2022-05-25 09:15:00+05:30,2329.39990234375,2329.949951171875,2309.0,2309.0,2309.0,74344
2022-05-25 09:30:00+05:30,2309.0,2311.300048828125,2298.0,2300.699951171875,2300.699951171875,93695
2022-05-25 09:45:00+05:30,2300.64990234375,2303.35009765625,2290.10009765625,2293.800048828125,2293.800048828125,86855
2022-05-25 10:00:00+05:30,2294.5,2302.35009765625,2290.199951171875,2299.10009765625,2299.10009765625,50720
2022-05-25 10:15:00+05:30,2299.89990234375,2306.949951171875,2299.10009765625,2305.699951171875,2305.699951171875,46999
2022-05-25 10:30:00+05:30,2305.699951171875,2312.85009765625,2304.0,2306.050048828125,2306.050048828125,62912
2022-05-25 10:45:00+05:30,2306.050048828125,2306.699951171875,2299.0,2304.199951171875,2304.199951171875,31667
2022-05-25 11:00:00+05:30,2305.0,2311.14990234375,2304.35009765625,2310.35009765625,2310.35009765625,42403
2022-05-25 11:15:00+05:30,2310.35009765625,2320.0,2310.35009765625,2315.0,2315.0,80073
2022-05-25 11:30:00+05:30,2315.0,2316.199951171875,2302.75,2303.75,2303.75,81782
2022-05-25 11:45:00+05:30,2303.0,2303.64990234375,2295.10009765625,2296.550048828125,2296.550048828125,46488
2022-05-25 12:00:00+05:30,2296.5,2297.0,2293.10009765625,2294.199951171875,2294.199951171875,34062
2022-05-25 12:15:00+05:30,2293.699951171875,2296.14990234375,2291.85009765625,2292.75,2292.75,34987
2022-05-25 12:30:00+05:30,2293.39990234375,2306.0,2292.5,2301.300048828125,2301.300048828125,52400
2022-05-25 12:45:00+05:30,2302.0,2304.85009765625,2297.949951171875,2300.0,2300.0,36445
2022-05-25 13:00:00+05:30,2300.0,2300.0,2292.0,2295.5,2295.5,41197
2022-05-25 13:15:00+05:30,2295.5,2295.5,2290.25,2290.300048828125,2290.300048828125,134405
2022-05-25 13:30:00+05:30,2290.300048828125,2292.64990234375,2286.5,2289.199951171875,2289.199951171875,48522
2022-05-25 13:45:00+05:30,2289.75,2297.14990234375,2288.0,2292.0,2292.0,99230
2022-05-25 14:00:00+05:30,2292.10009765625,2299.199951171875,2288.699951171875,2297.300048828125,2297.300048828125,59939
2022-05-25 14:15:00+05:30,2298.199951171875,2300.0,2292.85009765625,2294.449951171875,2294.449951171875,84906
2022-05-25 14:30:00+05:30,2294.39990234375,2299.89990234375,2290.699951171875,2293.5,2293.5,73131
2022-05-25 14:45:00+05:30,2293.0,2301.949951171875,2292.89990234375,2297.699951171875,2297.699951171875,70346
2022-05-25 15:00:00+05:30,2297.75,2300.75,2295.35009765625,2298.800048828125,2298.800048828125,147280
2022-05-25 15:15:00+05:30,2298.800048828125,2301.949951171875,2292.800048828125,2298.699951171875,2298.699951171875,211682
2022-05-26 09:15:00+05:30,2290.10009765625,2290.85009765625,2267.050048828125,2282.89990234375,2282.89990234375,168585
2022-05-26 09:30:00+05:30,2283.85009765625,2290.5,2281.10009765625,2282.14990234375,2282.14990234375,83048
2022-05-26 09:45:00+05:30,2282.199951171875,2284.39990234375,2280.14990234375,2280.800048828125,2280.800048828125,72218
2022-05-26 10:00:00+05:30,2280.89990234375,2286.699951171875,2277.60009765625,2284.14990234375,2284.14990234375,56230
2022-05-26 10:15:00+05:30,2284.0,2286.199951171875,2277.60009765625,2278.449951171875,2278.449951171875,133463
2022-05-26 10:30:00+05:30,2279.60009765625,2282.75,2275.0,2281.89990234375,2281.89990234375,83066
2022-05-26 10:45:00+05:30,2281.89990234375,2282.85009765625,2273.0,2279.699951171875,2279.699951171875,113059
2022-05-26 11:00:00+05:30,2279.699951171875,2281.0,2272.0,2272.949951171875,2272.949951171875,77631
2022-05-26 11:15:00+05:30,2272.800048828125,2275.64990234375,2261.199951171875,2262.050048828125,2262.050048828125,108732
2022-05-26 11:30:00+05:30,2262.75,2266.89990234375,2258.0,2263.699951171875,2263.699951171875,63690
2022-05-26 11:45:00+05:30,2263.25,2269.949951171875,2263.0,2269.64990234375,2269.64990234375,41394
2022-05-26 12:00:00+05:30,2268.75,2279.14990234375,2268.699951171875,2276.449951171875,2276.449951171875,51495
2022-05-26 12:15:00+05:30,2276.449951171875,2278.949951171875,2262.75,2266.949951171875,2266.949951171875,56215
2022-05-26 12:30:00+05:30,2267.050048828125,2273.0,2265.10009765625,2271.75,2271.75,23373
2022-05-26 12:45:00+05:30,2271.75,2271.75,2260.550048828125,2262.050048828125,2262.050048828125,52377
2022-05-26 13:00:00+05:30,2262.25,2281.699951171875,2262.25,2281.699951171875,2281.699951171875,71263
2022-05-26 13:15:00+05:30,2281.75,2295.949951171875,2277.14990234375,2279.550048828125,2279.550048828125,170970
2022-05-26 13:30:00+05:30,2279.949951171875,2290.449951171875,2277.60009765625,2288.35009765625,2288.35009765625,114711
2022-05-26 13:45:00+05:30,2288.35009765625,2290.800048828125,2277.89990234375,2277.89990234375,2277.89990234375,46591
2022-05-26 14:00:00+05:30,2278.14990234375,2280.0,2271.64990234375,2276.39990234375,2276.39990234375,28781
2022-05-26 14:15:00+05:30,2276.10009765625,2279.0,2272.449951171875,2276.199951171875,2276.199951171875,30434
2022-05-26 14:30:00+05:30,2274.5,2279.699951171875,2272.300048828125,2278.39990234375,2278.39990234375,100726
2022-05-26 14:45:00+05:30,2278.699951171875,2283.0,2276.0,2278.14990234375,2278.14990234375,53006
2022-05-26 15:00:00+05:30,2278.14990234375,2286.60009765625,2273.60009765625,2286.39990234375,2286.39990234375,225182
2022-05-26 15:15:00+05:30,2286.39990234375,2287.449951171875,2279.85009765625,2280.199951171875,2280.199951171875,155503
2022-05-27 09:15:00+05:30,2296.85009765625,2309.199951171875,2281.60009765625,2286.449951171875,2286.449951171875,43508
2022-05-27 09:30:00+05:30,2285.550048828125,2290.35009765625,2283.0,2289.199951171875,2289.199951171875,35452
2022-05-27 09:45:00+05:30,2288.25,2302.39990234375,2284.0,2298.85009765625,2298.85009765625,65274
2022-05-27 10:00:00+05:30,2299.60009765625,2311.949951171875,2291.199951171875,2310.0,2310.0,101361
2022-05-27 10:15:00+05:30,2310.800048828125,2319.0,2306.14990234375,2309.800048828125,2309.800048828125,49424
2022-05-27 10:30:00+05:30,2309.800048828125,2316.0,2305.5,2316.0,2316.0,28471
2022-05-27 10:45:00+05:30,2315.699951171875,2320.0,2310.5,2311.300048828125,2311.300048828125,29839
2022-05-27 11:00:00+05:30,2312.35009765625,2317.64990234375,2311.550048828125,2316.0,2316.0,11820
2022-05-27 11:15:00+05:30,2316.0,2316.0,2308.199951171875,2311.449951171875,2311.449951171875,26411
2022-05-27 11:30:00+05:30,2311.449951171875,2312.5,2307.35009765625,2309.10009765625,2309.10009765625,19784
2022-05-27 11:45:00+05:30,2309.10009765625,2312.0,2308.949951171875,2310.75,2310.75,13755
2022-05-27 12:00:00+05:30,2310.5,2310.5,2306.14990234375,2309.699951171875,2309.699951171875,9858
2022-05-27 12:15:00+05:30,2309.14990234375,2312.39990234375,2305.60009765625,2309.5,2309.5,22967
2022-05-27 12:30:00+05:30,2308.949951171875,2311.64990234375,2305.0,2311.60009765625,2311.60009765625,20519
2022-05-27 12:45:00+05:30,2311.550048828125,2316.0,2310.0,2315.5,2315.5,55044
2022-05-27 13:00:00+05:30,2315.14990234375,2321.5,2315.0,2321.300048828125,2321.300048828125,58404
2022-05-27 13:15:00+05:30,2321.300048828125,2326.800048828125,2318.800048828125,2325.300048828125,2325.300048828125,28904
2022-05-27 13:30:00+05:30,2325.14990234375,2330.0,2319.10009765625,2325.949951171875,2325.949951171875,43411
2022-05-27 13:45:00+05:30,2325.949951171875,2326.0,2312.199951171875,2320.949951171875,2320.949951171875,37023
2022-05-27 14:00:00+05:30,2321.300048828125,2323.5,2319.0,2320.89990234375,2320.89990234375,28068
2022-05-27 14:15:00+05:30,2320.89990234375,2323.25,2318.60009765625,2321.5,2321.5,36318
2022-05-27 14:30:00+05:30,2322.0,2327.0,2320.0,2325.14990234375,2325.14990234375,22590
2022-05-27 14:45:00+05:30,2325.14990234375,2329.75,2323.0,2325.949951171875,2325.949951171875,26991
2022-05-27 15:00:00+05:30,2325.449951171875,2333.050048828125,2323.050048828125,2330.5,2330.5,85423
2022-05-27 15:15:00+05:30,2331.0,2334.89990234375,2328.5,2332.25,2332.25,68702
2022-05-30 09:15:00+05:30,2342.75,2357.0,2331.050048828125,2353.699951171875,2353.699951171875,60722
2022-05-30 09:30:00+05:30,2352.10009765625,2358.449951171875,2343.75,2348.75,2348.75,60971
2022-05-30 09:45:00+05:30,2348.89990234375,2354.75,2346.300048828125,2346.800048828125,2346.800048828125,20337
2022-05-30 10:00:00+05:30,2346.800048828125,2358.0,2345.39990234375,2357.0,2357.0,24923
2022-05-30 10:15:00+05:30,2357.0,2362.0,2353.25,2361.39990234375,2361.39990234375,51172
2022-05-30 10:30:00+05:30,2361.39990234375,2364.60009765625,2354.0,2354.550048828125,2354.550048828125,43048
2022-05-30 10:45:00+05:30,2354.550048828125,2364.60009765625,2352.550048828125,2359.35009765625,2359.35009765625,46733
2022-05-30 11:00:00+05:30,2360.0,2365.0,2358.0,2364.0,2364.0,25676
2022-05-30 11:15:00+05:30,2364.0,2364.89990234375,2354.35009765625,2354.699951171875,2354.699951171875,28477
2022-05-30 11:30:00+05:30,2352.050048828125,2357.10009765625,2352.050048828125,2356.050048828125,2356.050048828125,26715
2022-05-30 11:45:00+05:30,2356.89990234375,2358.89990234375,2354.0,2354.0,2354.0,16650
2022-05-30 12:00:00+05:30,2354.699951171875,2359.5,2353.60009765625,2357.85009765625,2357.85009765625,17139
2022-05-30 12:15:00+05:30,2357.85009765625,2360.0,2355.10009765625,2358.60009765625,2358.60009765625,19491
2022-05-30 12:30:00+05:30,2358.550048828125,2359.5,2353.10009765625,2355.0,2355.0,27375
2022-05-30 12:45:00+05:30,2355.0,2357.0,2348.25,2356.85009765625,2356.85009765625,44565
2022-05-30 13:00:00+05:30,2356.699951171875,2357.0,2345.0,2346.64990234375,2346.64990234375,26619
2022-05-30 13:15:00+05:30,2344.550048828125,2346.800048828125,2344.0,2344.35009765625,2344.35009765625,23978
2022-05-30 13:30:00+05:30,2344.35009765625,2348.949951171875,2341.25,2343.949951171875,2343.949951171875,31350
2022-05-30 13:45:00+05:30,2343.64990234375,2349.0,2337.800048828125,2348.64990234375,2348.64990234375,25392
2022-05-30 14:00:00+05:30,2348.800048828125,2354.89990234375,2345.5,2351.449951171875,2351.449951171875,34450
2022-05-30 14:15:00+05:30,2351.39990234375,2356.699951171875,2348.800048828125,2352.39990234375,2352.39990234375,32743
2022-05-30 14:30:00+05:30,2352.39990234375,2354.550048828125,2348.050048828125,2348.75,2348.75,28381
2022-05-30 14:45:00+05:30,2348.5,2354.5,2344.800048828125,2347.550048828125,2347.550048828125,43632
2022-05-30 15:00:00+05:30,2347.85009765625,2352.0,2346.25,2348.050048828125,2348.050048828125,60817
2022-05-30 15:15:00+05:30,2348.949951171875,2350.949951171875,2345.64990234375,2348.949951171875,2348.949951171875,71834
2022-05-31 09:15:00+05:30,2355.0,2355.0,2314.14990234375,2315.0,2315.0,73659
2022-05-31 09:30:00+05:30,2314.14990234375,2315.85009765625,2308.0,2309.0,2309.0,64613
2022-05-31 09:45:00+05:30,2308.75,2319.89990234375,2308.0,2310.199951171875,2310.199951171875,58345
2022-05-31 10:00:00+05:30,2311.0,2314.64990234375,2307.39990234375,2308.699951171875,2308.699951171875,41088
2022-05-31 10:15:00+05:30,2308.10009765625,2312.89990234375,2304.0,2311.949951171875,2311.949951171875,46090
2022-05-31 10:30:00+05:30,2311.5,2319.0,2308.10009765625,2315.699951171875,2315.699951171875,53724
2022-05-31 10:45:00+05:30,2315.699951171875,2317.89990234375,2310.0,2313.5,2313.5,25799
2022-05-31 11:00:00+05:30,2313.60009765625,2317.949951171875,2313.0,2316.050048828125,2316.050048828125,54646
2022-05-31 11:15:00+05:30,2315.89990234375,2320.0,2315.199951171875,2318.300048828125,2318.300048828125,43341
2022-05-31 11:30:00+05:30,2318.0,2321.0,2317.85009765625,2319.199951171875,2319.199951171875,35463
2022-05-31 11:45:00+05:30,2319.199951171875,2323.75,2315.0,2322.5,2322.5,52624
2022-05-31 12:00:00+05:30,2322.5,2327.0,2321.0,2323.0,2323.0,32818
2022-05-31 12:15:00+05:30,2323.0,2325.699951171875,2322.85009765625,2323.0,2323.0,33089
2022-05-31 12:30:00+05:30,2323.050048828125,2324.60009765625,2317.25,2322.39990234375,2322.39990234375,38114
2022-05-31 12:45:00+05:30,2322.300048828125,2329.0,2320.0,2327.10009765625,2327.10009765625,30930
2022-05-31 13:00:00+05:30,2327.10009765625,2329.300048828125,2324.0,2329.300048828125,2329.300048828125,46617
2022-05-31 13:15:00+05:30,2329.89990234375,2331.300048828125,2327.0,2330.14990234375,2330.14990234375,35619
2022-05-31 13:30:00+05:30,2330.25,2333.0,2330.0,2331.0,2331.0,32977
2022-05-31 13:45:00+05:30,2331.949951171875,2335.449951171875,2329.949951171875,2334.949951171875,2334.949951171875,42845
2022-05-31 14:00:00+05:30,2334.35009765625,2334.949951171875,2330.0,2331.949951171875,2331.949951171875,31539
2022-05-31 14:15:00+05:30,2331.949951171875,2334.25,2330.0,2330.85009765625,2330.85009765625,32949
2022-05-31 14:30:00+05:30,2330.85009765625,2332.0,2326.449951171875,2330.449951171875,2330.449951171875,79706
2022-05-31 14:45:00+05:30,2330.449951171875,2333.699951171875,2330.0,2330.050048828125,2330.050048828125,55991
2022-05-31 15:00:00+05:30,2330.050048828125,2356.89990234375,2330.0,2356.550048828125,2356.550048828125,1103534
2022-05-31 15:15:00+05:30,2356.60009765625,2367.800048828125,2348.89990234375,2353.25,2353.25,884229
2022-06-01 09:15:00+05:30,2370.300048828125,2413.39990234375,2356.25,2374.10009765625,2374.10009765625,257307
2022-06-01 09:30:00+05:30,2375.449951171875,2376.199951171875,2337.449951171875,2340.050048828125,2340.050048828125,161204
2022-06-01 09:45:00+05:30,2339.949951171875,2350.0,2332.800048828125,2338.949951171875,2338.949951171875,82479
2022-06-01 10:00:00+05:30,2338.949951171875,2340.89990234375,2323.199951171875,2325.949951171875,2325.949951171875,137390
2022-06-01 10:15:00+05:30,2325.89990234375,2328.5,2316.14990234375,2316.89990234375,2316.89990234375,91193
2022-06-01 10:30:00+05:30,2317.25,2321.5,2311.0,2319.39990234375,2319.39990234375,101062
2022-06-01 10:45:00+05:30,2319.35009765625,2323.800048828125,2318.0,2322.0,2322.0,69909
2022-06-01 11:00:00+05:30,2322.14990234375,2323.39990234375,2318.64990234375,2321.5,2321.5,56217
2022-06-01 11:15:00+05:30,2321.300048828125,2335.0,2320.050048828125,2333.800048828125,2333.800048828125,97149
2022-06-01 11:30:00+05:30,2333.75,2335.0,2321.0,2321.5,2321.5,39961
2022-06-01 11:45:00+05:30,2321.699951171875,2330.0,2316.5,2328.699951171875,2328.699951171875,39760
2022-06-01 12:00:00+05:30,2328.64990234375,2330.050048828125,2324.699951171875,2326.449951171875,2326.449951171875,102518
2022-06-01 12:15:00+05:30,2326.449951171875,2329.949951171875,2324.85009765625,2327.14990234375,2327.14990234375,84362
2022-06-01 12:30:00+05:30,2327.25,2329.199951171875,2325.699951171875,2325.699951171875,2325.699951171875,25307
2022-06-01 12:45:00+05:30,2325.800048828125,2325.800048828125,2320.60009765625,2322.449951171875,2322.449951171875,36225
2022-06-01 13:00:00+05:30,2322.5,2326.75,2320.0,2320.0,2320.0,34879
2022-06-01 13:15:00+05:30,2320.0,2320.64990234375,2314.0,2314.050048828125,2314.050048828125,45249
2022-06-01 13:30:00+05:30,2314.050048828125,2320.35009765625,2314.0,2315.25,2315.25,32803
2022-06-01 13:45:00+05:30,2316.199951171875,2319.0,2312.60009765625,2317.550048828125,2317.550048828125,28026
2022-06-01 14:00:00+05:30,2317.449951171875,2319.699951171875,2306.550048828125,2308.5,2308.5,44023
2022-06-01 14:15:00+05:30,2308.85009765625,2317.10009765625,2307.64990234375,2310.050048828125,2310.050048828125,35426
2022-06-01 14:30:00+05:30,2310.050048828125,2315.25,2308.0,2311.10009765625,2311.10009765625,25035
2022-06-01 14:45:00+05:30,2311.85009765625,2314.5,2302.60009765625,2305.0,2305.0,65905
2022-06-01 15:00:00+05:30,2305.699951171875,2314.25,2305.10009765625,2309.39990234375,2309.39990234375,137384
2022-06-01 15:15:00+05:30,2309.39990234375,2311.85009765625,2302.89990234375,2308.449951171875,2308.449951171875,169351
2022-06-02 09:15:00+05:30,2302.85009765625,2306.14990234375,2268.0,2290.39990234375,2290.39990234375,54509
2022-06-02 09:30:00+05:30,2290.39990234375,2293.800048828125,2277.0,2278.85009765625,2278.85009765625,41904
2022-06-02 09:45:00+05:30,2278.39990234375,2280.0,2275.35009765625,2277.550048828125,2277.550048828125,27182
2022-06-02 10:00:00+05:30,2278.0,2279.89990234375,2271.050048828125,2275.699951171875,2275.699951171875,31170
2022-06-02 10:15:00+05:30,2275.699951171875,2284.5,2273.0,2279.0,2279.0,46854
2022-06-02 10:30:00+05:30,2279.5,2283.0,2276.050048828125,2276.699951171875,2276.699951171875,78487
2022-06-02 10:45:00+05:30,2276.699951171875,2278.25,2260.050048828125,2261.550048828125,2261.550048828125,65241
2022-06-02 11:00:00+05:30,2261.5,2263.85009765625,2257.300048828125,2260.0,2260.0,40989
2022-06-02 11:15:00+05:30,2260.0,2265.35009765625,2259.0,2265.35009765625,2265.35009765625,33501
2022-06-02 11:30:00+05:30,2265.89990234375,2267.64990234375,2263.800048828125,2265.300048828125,2265.300048828125,45427
2022-06-02 11:45:00+05:30,2265.14990234375,2265.800048828125,2257.75,2259.35009765625,2259.35009765625,38176
2022-06-02 12:00:00+05:30,2259.14990234375,2261.699951171875,2257.800048828125,2261.14990234375,2261.14990234375,24215
2022-06-02 12:15:00+05:30,2261.14990234375,2266.0,2258.699951171875,2264.949951171875,2264.949951171875,25089
2022-06-02 12:30:00+05:30,2265.0,2268.0,2262.85009765625,2265.050048828125,2265.050048828125,29376
2022-06-02 12:45:00+05:30,2265.0,2272.800048828125,2264.14990234375,2271.10009765625,2271.10009765625,19586
2022-06-02 13:00:00+05:30,2271.14990234375,2278.0,2268.199951171875,2278.0,2278.0,39529
2022-06-02 13:15:00+05:30,2278.0,2281.550048828125,2272.89990234375,2274.35009765625,2274.35009765625,37067
2022-06-02 13:30:00+05:30,2274.35009765625,2275.0,2268.300048828125,2274.699951171875,2274.699951171875,37444
2022-06-02 13:45:00+05:30,2274.699951171875,2283.85009765625,2273.64990234375,2281.14990234375,2281.14990234375,172208
2022-06-02 14:00:00+05:30,2281.14990234375,2287.550048828125,2281.050048828125,2284.949951171875,2284.949951171875,71794
2022-06-02 14:15:00+05:30,2285.0,2287.0,2278.64990234375,2285.050048828125,2285.050048828125,71376
2022-06-02 14:30:00+05:30,2285.0,2293.5,2284.949951171875,2287.0,2287.0,90477
2022-06-02 14:45:00+05:30,2287.050048828125,2292.39990234375,2286.0,2288.89990234375,2288.89990234375,66518
2022-06-02 15:00:00+05:30,2289.25,2290.0,2279.39990234375,2283.25,2283.25,99664
2022-06-02 15:15:00+05:30,2283.25,2290.0,2283.25,2284.800048828125,2284.800048828125,77453
2022-06-03 09:15:00+05:30,2287.699951171875,2300.0,2281.85009765625,2290.199951171875,2290.199951171875,82756
2022-06-03 09:30:00+05:30,2290.050048828125,2293.0,2276.25,2276.25,2276.25,86623
2022-06-03 09:45:00+05:30,2276.14990234375,2277.64990234375,2268.10009765625,2272.0,2272.0,75121
2022-06-03 10:00:00+05:30,2272.60009765625,2278.449951171875,2266.35009765625,2267.14990234375,2267.14990234375,57460
2022-06-03 10:15:00+05:30,2267.14990234375,2271.89990234375,2266.199951171875,2267.10009765625,2267.10009765625,54159
2022-06-03 10:30:00+05:30,2267.10009765625,2273.800048828125,2266.10009765625,2270.800048828125,2270.800048828125,35475
2022-06-03 10:45:00+05:30,2270.89990234375,2277.800048828125,2270.800048828125,2275.550048828125,2275.550048828125,39014
2022-06-03 11:00:00+05:30,2275.5,2280.0,2275.300048828125,2279.85009765625,2279.85009765625,39421
2022-06-03 11:15:00+05:30,2280.0,2283.800048828125,2276.85009765625,2283.35009765625,2283.35009765625,42431
2022-06-03 11:30:00+05:30,2283.35009765625,2301.800048828125,2282.550048828125,2297.699951171875,2297.699951171875,117716
2022-06-03 11:45:00+05:30,2298.0,2313.75,2295.5,2303.5,2303.5,91923
2022-06-03 12:00:00+05:30,2303.10009765625,2307.14990234375,2298.25,2302.050048828125,2302.050048828125,41275
2022-06-03 12:15:00+05:30,2302.699951171875,2305.0,2296.35009765625,2302.39990234375,2302.39990234375,58791
2022-06-03 12:30:00+05:30,2302.35009765625,2302.39990234375,2298.0,2299.14990234375,2299.14990234375,40752
2022-06-03 12:45:00+05:30,2299.14990234375,2304.0,2298.39990234375,2302.89990234375,2302.89990234375,34147
2022-06-03 13:00:00+05:30,2302.85009765625,2303.0,2298.0,2302.050048828125,2302.050048828125,35753
2022-06-03 13:15:00+05:30,2302.050048828125,2304.35009765625,2302.0,2304.10009765625,2304.10009765625,61252
2022-06-03 13:30:00+05:30,2304.10009765625,2307.0,2298.0,2306.800048828125,2306.800048828125,62084
2022-06-03 13:45:00+05:30,2306.800048828125,2314.300048828125,2305.89990234375,2312.0,2312.0,77930
2022-06-03 14:00:00+05:30,2312.050048828125,2324.85009765625,2312.0,2324.0,2324.0,106504
2022-06-03 14:15:00+05:30,2324.0,2324.5,2310.0,2314.0,2314.0,96829
2022-06-03 14:30:00+05:30,2313.199951171875,2314.0,2304.10009765625,2306.64990234375,2306.64990234375,96131
2022-06-03 14:45:00+05:30,2305.949951171875,2306.449951171875,2292.10009765625,2292.64990234375,2292.64990234375,71413
2022-06-03 15:00:00+05:30,2292.89990234375,2296.14990234375,2285.60009765625,2291.550048828125,2291.550048828125,102111
2022-06-03 15:15:00+05:30,2291.14990234375,2296.0,2290.0,2291.949951171875,2291.949951171875,91220
